id,plant_id,year,account_type,category,is_active,plant_name,avg_age,age_at_first_yield,survey_name,n_obs,regions,unit,avg_cost_total,avg_revenue_per_year,avg_wta,avg_proposed_price,data_source,,,,,,,
1,PLTA0001,2568,A,ก,1,กรรณิการ์,30,,กรรณิการ์,0,estimated,ต้น,"19,150",0,"3,200","2,400",survey,,,,,,,
2,PLTA0002,2568,A,ก,1,กระบก,100,8,กระบก,0,estimated,ต้น,"25,550",0,"6,350","5,000",survey,,,,,,,
3,PLTA0003,2568,A,ก,1,กระบาก,100,,กระบาก,0,estimated,ต้น,"27,300",0,"6,750","5,350",survey,,,,,,,
4,PLTA0004,2568,A,ก,1,กระดังงา,30,3,กระดังงา,0,estimated,ต้น,"7,750","3,200","5,150","3,550",survey,,,,,,,
5,PLTA0005,2568,A,ก,1,กระโดน,80,8,กระโดน,0,estimated,ต้น,"13,400","10,800","18,400","14,450",survey,,,,,,,
6,PLTA0006,2568,A,ก,1,กระเบา,60,7,กระเบา,0,estimated,ต้น,"10,500","3,550","6,750","5,200",survey,,,,,,,
7,PLTA0007,2568,A,ก,1,กระถิน,20,1,กระถิน,0,estimated,ต้น,"2,400","1,950","2,400","2,150",survey,,,,,,,
8,PLTA0008,2568,A,ก,1,กระถินณรงค์,25,2,กระถินณรงค์,0,estimated,ต้น,"7,850","3,250","5,200","3,600",survey,,,,,,,
9,PLTA0009,2568,A,ก,1,กระถินเทพา,25,2,กระถินเทพา,3,"CN,N,NE",ต้น,"16,167","1,400","1,350",925,survey,,,,,,,
10,PLTA0010,2568,A,ก,1,กระถินยักษ์,20,1,กระถินยักษ์,0,estimated,ต้น,"2,200","1,750","2,200","1,950",survey,,,,,,,
11,PLTA0011,2568,A,ก,1,กระท้อนทั่วไป,60,7,กระท้อนพันธุ์ทั่วไป / กระท้อนป่า,2,"N,S",ต้น,"10,075","3,600","5,793","4,426",survey,,,,,,,
12,PLTA0012,2568,A,ก,1,กระท้อนพันธุ์ดี,50,4,กระท้อนพันธุ์ดี / กระท้อนคลองร้อยสาย,1,N,ต้น,"9,900","3,500","7,595","6,528",survey,,,,,,,
13,PLTA0013,2568,A,ก,1,กระท่อม,40,3,กระท่อม(ใหญ่) / กระท่อม(กลาง),1,S,ต้น,"2,500","6,750","4,250","3,186",survey,,,,,,,
14,PLTA0014,2568,A,ก,1,กระทิง,80,9,กระทิง,0,estimated,ต้น,"14,200","11,450","19,550","15,350",survey,,,,,,,
15,PLTA0015,2568,A,ก,1,กระทุ่ม กระทุ่มทอง,40,,กระทุ่ม กระทุ่มทอง,0,estimated,ต้น,"17,950",0,"3,000","2,250",survey,,,,,,,
16,PLTA0016,2568,A,ก,1,กระบือ,50,,กระบือ,0,estimated,ต้น,"20,650",0,"5,100","4,000",survey,,,,,,,
17,PLTA0017,2568,A,ก,1,กระพี้จั่น,60,,กระพี้จั่น,0,estimated,ต้น,"19,750",0,"4,850","3,800",survey,,,,,,,
18,PLTA0018,2568,A,ก,1,กร่าง,100,,กร่าง,0,estimated,ต้น,"27,150",0,"6,750","5,300",survey,,,,,,,
19,PLTA0019,2568,A,ก,1,กฤษณา,80,15,กฤษณา,0,estimated,ต้น,"14,200","11,450","19,500","15,300",survey,,,,,,,
20,PLTA0020,2568,A,ก,1,กล้วยพันธุ์ดี,5,1,กล้วยพันธุ์ดี / กล้วยหอม / กล้วยหอมทอง,2,"CN,N",ต้น,"1,525","2,350","1,872","1,616",survey,,,,,,,
21,PLTA0021,2568,A,ก,1,กล้วยพันธุ์ทั่วไป,5,1,กล้วยน้ำว้า,3,"CN,NE,S",ต้น,"1,283","1,900","1,567","1,263",survey,,,,,,,
22,PLTA0022,2568,A,ก,1,กล้วยพัด,20,,กล้วยพัด,0,estimated,ต้น,"18,150",0,"1,200",900,survey,,,,,,,
23,PLTA0023,2568,A,ก,1,ก่อ,100,12.5,ก่อ,0,estimated,ต้น,"26,000",0,"6,450","5,100",survey,,,,,,,
24,PLTA0024,2568,A,ก,1,กะทัง,60,,กะทัง,0,estimated,ต้น,"17,950",0,"4,450","3,450",survey,,,,,,,
25,PLTA0025,2568,A,ก,1,กันเกรา ต้นเลา ทำเสา มันปลา,100,,กันเกรา,1,NE,ต้น,"20,000",0,"4,200","2,645",survey,,,,,,,
26,PLTA0026,2568,A,ก,1,กัลปพฤกษ์,40,5,กัลปพฤกษ์,0,estimated,ต้น,"7,900","3,300","5,250","3,650",survey,,,,,,,
27,PLTA0027,2568,A,ก,1,กานพูล,60,6,กานพูล,0,estimated,ต้น,"9,950","3,350","6,400","4,950",survey,,,,,,,
28,PLTA0028,2568,A,ก,1,กาแฟ,30,3,กาแฟ,0,estimated,ต้น,"7,850","3,250","5,200","3,600",survey,,,,,,,
29,PLTA0029,2568,A,ก,1,การบูร,100,,การบูร,0,estimated,ต้น,"25,200",0,"6,250","4,950",survey,,,,,,,
30,PLTA0030,2568,A,ก,1,การเวก,30,,การเวก,0,estimated,ต้น,"19,700",0,"3,300","2,500",survey,,,,,,,
31,PLTA0031,2568,A,ก,1,กาหลง,30,,กาหลง,0,estimated,ต้น,"19,500",0,"3,250","2,450",survey,,,,,,,
32,PLTA0032,2568,A,ก,1,กางหลวง,80,,กางหลวง,0,estimated,ต้น,"30,400",0,"6,550","4,650",survey,,,,,,,
33,PLTA0033,2568,A,ก,1,กุ่ม,50,5,กุ่ม,0,estimated,ต้น,"9,250","3,150","5,950","4,600",survey,,,,,,,
34,PLTA0034,2568,A,ก,1,เกษมณี,40,,เกษมณี,0,estimated,ต้น,"18,250",0,"3,050","2,300",survey,,,,,,,
35,PLTA0035,2568,A,ก,1,แก่นขี้หนู,60,,แก่นขี้หนู,0,estimated,ต้น,"17,900",0,"4,400","3,450",survey,,,,,,,
36,PLTA0036,2568,A,ก,1,แก้ว,30,,แก้ว,0,estimated,ต้น,"17,300",0,"2,900","2,200",survey,,,,,,,
37,PLTA0037,2568,A,ก,1,โกโก้,40,3,โกโก้,0,estimated,ต้น,"7,750","3,200","5,150","3,550",survey,,,,,,,
38,PLTA0038,2568,A,ก,1,โกงกาง,60,8.5,โกงกาง,0,estimated,ต้น,"10,150","3,400","6,500","5,050",survey,,,,,,,
39,PLTA0039,2568,A,ก,1,โกสน,20,,โกสน,0,estimated,ต้น,"20,400",0,"1,350","1,050",survey,,,,,,,
40,PLTA0040,2568,A,ข,1,ขนุนพันธุ์ดี,60,3,ขนุนพันธุ์ดี / ขนุนทองประเสริฐ,1,N,ต้น,"8,750","3,084","7,815","6,618",survey,,,,,,,
41,PLTA0041,2568,A,ข,1,ขนุนพันธุ์พื้นเมือง,60,7,ขนุนพันธุ์พื้นเมือง,2,"N,S",ต้น,"7,500","2,650","6,340","5,745",survey,,,,,,,
42,PLTA0042,2568,A,ข,1,ขนุนละมุด,60,4,ขนุนละมุด,0,estimated,ต้น,"9,500","3,200","6,100","4,700",survey,,,,,,,
43,PLTA0043,2568,A,ข,1,ขนุนสำปะลอ,50,5,ขนุนสำปะลอ,0,estimated,ต้น,"9,550","3,200","6,150","4,750",survey,,,,,,,
44,PLTA0044,2568,A,ข,1,ข่อย,60,,ข่อย,0,estimated,ต้น,"19,250",0,"4,750","3,700",survey,,,,,,,
45,PLTA0045,2568,A,ข,1,ข่อยดัด,60,,ข่อยดัด,0,estimated,ต้น,"18,350",0,"4,500","3,550",survey,,,,,,,
46,PLTA0046,2568,A,ข,1,ขี้เถ้า,40,,ขี้เถ้า,0,estimated,ต้น,"17,250",0,"2,900","2,150",survey,,,,,,,
47,PLTA0047,2568,A,ข,1,ขี้หนอน,40,,ขี้หนอน,0,estimated,ต้น,"18,250",0,"3,050","2,300",survey,,,,,,,
48,PLTA0048,2568,A,ข,1,ขี้เหล็ก ทรงบาดาล,40,2.5,ขี้เหล็ก ทรงบาดาล,0,estimated,ต้น,"7,200","3,000","4,750","3,300",survey,,,,,,,
49,PLTA0049,2568,A,ข,1,ขี้เหล็กใหญ่,50,4,ขี้เหล็กใหญ่,0,estimated,ต้น,"10,000","3,400","6,450","4,950",survey,,,,,,,
50,PLTA0050,2568,A,ข,1,เข็มปัตตาเวีย,20,,เข็ม,2,"CN,N",ต้น,"28,000",0,612,482,survey,,,,,,,
51,PLTA0051,2568,A,ข,1,เข็มสามสี,20,,เข็มสามสี,0,estimated,ต้น,"18,800",0,"1,250",950,survey,,,,,,,
52,PLTA0052,2568,A,ข,1,เขวา,60,,เขวา,0,estimated,ต้น,"20,350",0,"5,000","3,950",survey,,,,,,,
53,PLTA0053,2568,A,ข,1,เขี้ยวกระแต,40,,เขี้ยวกระแต,0,estimated,ต้น,"18,900",0,"3,150","2,400",survey,,,,,,,
54,PLTA0054,2568,A,ข,1,ไข่เน่า,60,6.5,ไข่เน่า,0,estimated,ต้น,"9,450","3,200","6,050","4,700",survey,,,,,,,
55,PLTA0055,2568,A,ค,1,คริสต์มาส,20,,คริสต์มาส,0,estimated,ต้น,"20,000",0,"1,350","1,000",survey,,,,,,,
56,PLTA0056,2568,A,ค,1,คริสติน่า,20,,คริสติน่า,0,estimated,ต้น,"19,900",0,"1,300","1,000",survey,,,,,,,
57,PLTA0057,2568,A,ค,1,ควินิน,60,7.5,ควินิน,0,estimated,ต้น,"9,550","3,250","6,150","4,750",survey,,,,,,,
58,PLTA0058,2568,A,ค,1,ค้อ,80,10,ค้อ,0,estimated,ต้น,"13,850","11,150","19,050","14,950",survey,,,,,,,
59,PLTA0059,2568,A,ค,1,คอแลน ลิ้นจี่ป่า หมักแวว มะแง้ว,60,7,คอแลน ลิ้นจี่ป่า หมักแวว มะแง้ว,0,estimated,ต้น,"10,050","3,400","6,450","5,000",survey,,,,,,,
60,PLTA0060,2568,A,ค,1,คัดเค้า,40,,คัดเค้า,0,estimated,ต้น,"17,300",0,"2,900","2,150",survey,,,,,,,
61,PLTA0061,2568,A,ค,1,คันสูง,50,,คันสูง,0,estimated,ต้น,"18,400",0,"4,550","3,550",survey,,,,,,,
62,PLTA0062,2568,A,ค,1,คาง,60,,คาง,0,estimated,ต้น,"17,800",0,"4,400","3,450",survey,,,,,,,
63,PLTA0063,2568,A,ค,1,คูณ ราชพฤกษ์,50,,ราชพฤกษ์,2,"CN,N",ต้น,"12,500",0,565,392,survey,,,,,,,
64,PLTA0064,2568,A,ค,1,แค (แคบ้าน),20,1,แค (แคบ้าน),0,estimated,ต้น,"2,400","1,950","2,400","2,150",survey,,,,,,,
65,PLTA0065,2568,A,ค,1,แคแสด,40,3,แคแสด,0,estimated,ต้น,"7,700","3,200","5,100","3,550",survey,,,,,,,
66,PLTA0066,2568,A,ค,1,แคทราย แคป่า แคนา,40,4,แคทราย แคป่า แคนา,0,estimated,ต้น,"7,750","3,200","5,150","3,550",survey,,,,,,,
67,PLTA0067,2568,A,ค,1,แคฝรั่ง,30,2,แคฝรั่ง,0,estimated,ต้น,"7,850","3,250","5,200","3,600",survey,,,,,,,
68,PLTA0068,2568,A,ง,1,ง้าว,60,9,ง้าว,0,estimated,ต้น,"9,700","3,250","6,200","4,800",survey,,,,,,,
69,PLTA0069,2568,A,ง,1,งิ้ว (นุ่น),60,5,งิ้ว (นุ่น),0,estimated,ต้น,"9,850","3,300","6,350","4,900",survey,,,,,,,
70,PLTA0070,2568,A,ง,1,เงาะพันธุ์ดี,50,3,เงาะพันธุ์ดี / เงาะโรงเรียน,1,N,ต้น,"14,350","5,425","13,032","10,881",survey,,,,,,,
71,PLTA0071,2568,A,ง,1,เงาะพันธุ์พื้นเมือง,60,6,เงาะพันธุ์พื้นเมือง / เงาะขนาดกลาง,2,"N,S",ต้น,"10,575","3,675","6,384","4,672",survey,,,,,,,
72,PLTA0072,2568,A,จ,1,จวง,80,,จวง,0,estimated,ต้น,"27,450",0,"5,900","4,200",survey,,,,,,,
73,PLTA0073,2568,A,จ,1,จั๋ง จั๋งไทย จั๋งจีน,40,,จั๋ง จั๋งไทย จั๋งจีน,0,estimated,กอ,"17,200",0,"2,900","2,150",survey,,,,,,,
74,PLTA0074,2568,A,จ,1,จัน จันอิน จันโอ จันลูกหอม,100,8.5,จัน จันอิน จันโอ จันลูกหอม,0,estimated,ต้น,"26,500",0,"6,550","5,200",survey,,,,,,,
75,PLTA0075,2568,A,จ,1,จันทน์ จันทน์หอม จันทน์พม่า จันทน์ชะมด จันทน์ขาว,100,12.5,จันทน์ จันทน์หอม จันทน์พม่า จันทน์ชะมด จันทน์ขาว,0,estimated,ต้น,"25,700",0,"6,350","5,050",survey,,,,,,,
76,PLTA0076,2568,A,จ,1,จันทน์เทศ จันทน์บ้าน,70,7,จันทน์เทศ จันทน์บ้าน,0,estimated,ต้น,"14,500","11,650","19,900","15,600",survey,,,,,,,
77,PLTA0077,2568,A,จ,1,จันทน์ผา จันทร์แดง ลักกะจันทน์,80,,จันทน์ผา,2,"CN,N",ต้น,"35,000",0,"7,480","6,060",survey,,,,,,,
78,PLTA0078,2568,A,จ,1,จันทร์กระพ้อ,60,,จันทร์กระพ้อ,0,estimated,ต้น,"20,150",0,"4,950","3,900",survey,,,,,,,
79,PLTA0079,2568,A,จ,1,จาก,50,5,จาก,0,estimated,กอ,"9,950","3,350","6,400","4,950",survey,,,,,,,
80,PLTA0080,2568,A,จ,1,จากค้อ,50,7,จากค้อ,0,estimated,ต้น,"9,850","3,300","6,300","4,900",survey,,,,,,,
81,PLTA0081,2568,A,จ,1,จากทัง,50,7,จากทัง,0,estimated,ต้น,"9,850","3,300","6,300","4,900",survey,,,,,,,
82,PLTA0082,2568,A,จ,1,จากน้ำ (มุงหลังคา),50,5,จากน้ำ (มุงหลังคา),0,estimated,ต้น,"9,450","3,200","6,050","4,700",survey,,,,,,,
83,PLTA0083,2568,A,จ,1,จากสาคู,30,8,จากสาคู,0,estimated,ต้น,"6,950","2,900","4,600","3,200",survey,,,,,,,
84,PLTA0084,2568,A,จ,1,จามจุรี ก้ามปู ฉำฉา ก้ามกุ้ง ตุ๊ดตู่ ลัง,80,,จามจุรี ก้ามปู ฉำฉา ก้ามกุ้ง ตุ๊ดตู่ ลัง,0,estimated,ต้น,"28,800",0,"6,200","4,400",survey,,,,,,,
85,PLTA0085,2568,A,จ,1,จำปา,60,,จำปา,0,estimated,ต้น,"18,450",0,"4,550","3,550",survey,,,,,,,
86,PLTA0086,2568,A,จ,1,จำปาดะ,50,5,จำปาดะ,0,estimated,ต้น,"9,600","3,250","6,150","4,750",survey,,,,,,,
87,PLTA0087,2568,A,จ,1,จำปี,50,,จำปี,3,"CN,N,NE",ต้น,"14,467","1,133","2,913","2,037",survey,,,,,,,
88,PLTA0088,2568,A,จ,1,จำปูน,50,4.5,จำปูน,0,estimated,ต้น,"10,300","3,450","6,600","5,100",survey,,,,,,,
89,PLTA0089,2568,A,จ,1,จำเรียง,50,5.5,จำเรียง,0,estimated,ต้น,"9,350","3,150","6,000","4,650",survey,,,,,,,
90,PLTA0090,2568,A,จ,1,จิก จิกน้ำนม จิกนา กระโดนทุ่ง กระโดนน้ำ เกาลัดไทย,60,5,จิก จิกน้ำนม จิกนา กระโดนทุ่ง กระโดนน้ำ เกาลัดไทย,0,estimated,ต้น,"9,050","3,050","5,800","4,500",survey,,,,,,,
91,PLTA0091,2568,A,จ,1,จุมจัง ตุมตัง จุมจาง กระแจะ,50,,จุมจัง ตุมตัง จุมจาง กระแจะ,0,estimated,ต้น,"18,650",0,"4,600","3,600",survey,,,,,,,
92,PLTA0092,2568,A,จ,1,แจง,60,8.5,แจง,0,estimated,ต้น,"9,450","3,200","6,050","4,700",survey,,,,,,,
93,PLTA0093,2568,A,ช,1,ชงโค เสี้ยวหวาน ผักเสี้ยว เสี้ยวดอกแดง,30,3.5,ชงโค เสี้ยวหวาน ผักเสี้ยว เสี้ยวดอกแดง,0,estimated,ต้น,"7,700","3,200","5,100","3,550",survey,,,,,,,
94,PLTA0094,2568,A,ช,1,ชบา,20,,ชบา,0,estimated,ต้น,"19,150",0,"1,250",950,survey,,,,,,,
95,PLTA0095,2568,A,ช,1,ชบาด่าง,20,,ชบาด่าง,0,estimated,ต้น,"19,850",0,"1,300","1,000",survey,,,,,,,
96,PLTA0096,2568,A,ช,0,ชมพู่,40,3,ชมพู่,0,estimated,ต้น,"7,700","3,200","5,100","3,550",survey,,,,,,,
97,PLTA0097,2568,A,ช,1,ชมพูพันธุ์ทิพย์ ตาเบบูย่า ชมพูอินเดีย ธรรมบูชา,40,,ชมพูพันธุ์ทิพย์ ตาเบบูย่า ชมพูอินเดีย ธรรมบูชา,0,estimated,ต้น,"18,050",0,"3,000","2,250",survey,,,,,,,
98,PLTA0098,2568,A,ช,1,ชมพู่พันธุ์ดี,30,3,ชมพู่พันธุ์ดี / ชมพู่พันธุ์ทับทิม / ชมพู่ทับทิม / ชมพู่ทับทิมจันทร์,1,N,ต้น,"4,150","1,675","3,778","3,148",survey,,,,,,,
99,PLTA0099,2568,A,ช,1,ชมพู่พันธุ์พื้นเมือง,40,4,ชมพู่พันธุ์พื้นเมือง / ชมพู่พันธุ์ทั่วไป,1,N,ต้น,"3,650","1,350","3,148","2,864",survey,,,,,,,
100,PLTA0100,2568,A,ช,1,ชมพู่มะเหมี่ยว,40,4,ชมพู่มะเหมี่ยว,0,estimated,ต้น,"7,900","3,300","5,250","3,650",survey,,,,,,,
101,PLTA0101,2568,A,ช,1,ชะมวง,60,6,ชะมวง,0,estimated,ต้น,"9,250","3,100","5,950","4,600",survey,,,,,,,
102,PLTA0102,2568,A,ช,1,ชะเหลา,50,,ชะเหลา,0,estimated,ต้น,"17,850",0,"4,400","3,450",survey,,,,,,,
103,PLTA0103,2568,A,ช,1,ชะอม,15,1,ชะอม,3,"CN,N,NE",ต้น,833,"1,633","1,308",839,survey,,,,,,,
104,PLTA0104,2568,A,ช,1,ชัยพฤกษ์,50,,ชัยพฤกษ์,0,estimated,ต้น,"18,050",0,"4,450","3,500",survey,,,,,,,
105,PLTA0105,2568,A,ช,1,ชา,40,3,ชา,0,estimated,ต้น,"7,800","3,250","5,150","3,600",survey,,,,,,,
106,PLTA0106,2568,A,ช,1,ชาด ตาด,60,,ชาด ตาด,0,estimated,ต้น,"19,200",0,"4,750","3,700",survey,,,,,,,
107,PLTA0107,2568,A,ช,1,ชาดัด,40,,ชาดัด,0,estimated,ต้น,"17,350",0,"2,900","2,200",survey,,,,,,,
108,PLTA0108,2568,A,ช,1,ชาฮกเกี้ยน (ดัด),30,,ชาฮกเกี้ยน (ดัด),0,estimated,ต้น,"18,350",0,"3,050","2,300",survey,,,,,,,
109,PLTA0109,2568,A,ช,1,ชำมะเลียง พุ่มเรียง ชำมะเลียงบ้าน,40,4,ชำมะเลียง พุ่มเรียง ชำมะเลียงบ้าน,0,estimated,ต้น,"7,100","2,950","4,700","3,250",survey,,,,,,,
110,PLTA0110,2568,A,ช,1,เชอรี่,30,3,เชอรี่,0,estimated,ต้น,"7,750","3,200","5,150","3,550",survey,,,,,,,
111,PLTA0111,2568,A,ช,1,เชือก,60,,เชือก,0,estimated,ต้น,"19,150",0,"4,700","3,700",survey,,,,,,,
112,PLTA0112,2568,A,ช,1,ชุมเห็ด ชุมเห็ดเทศ,10,,ชุมเห็ด ชุมเห็ดเทศ,0,estimated,ต้น,"18,600",0,"1,250",950,survey,,,,,,,
113,PLTA0113,2568,A,ช,1,ชุมแสง,60,,ชุมแสง,0,estimated,ต้น,"18,700",0,"4,600","3,600",survey,,,,,,,
114,PLTA0114,2568,A,ด,1,ดูกโส,50,,ดูกโส,0,estimated,ต้น,"19,700",0,"4,850","3,800",survey,,,,,,,
115,PLTA0115,2568,A,ด,1,แดง,100,,แดงปรีดียาธร / แดงนา,2,"CN,N",ต้น,"19,750",0,"7,740","4,628",survey,,,,,,,
116,PLTA0116,2568,A,ต,1,ตะกู,30,,ตะกู,0,estimated,ต้น,"17,950",0,"3,000","2,250",survey,,,,,,,
117,PLTA0117,2568,A,ต,1,ตะโก,60,8,ตะโก,0,estimated,ต้น,"9,100","3,050","5,850","4,500",survey,,,,,,,
118,PLTA0118,2568,A,ต,1,ตะโกดัด,60,,ตะโกดัด,0,estimated,ต้น,"18,150",0,"4,450","3,500",survey,,,,,,,
119,PLTA0119,2568,A,ต,1,ตะขบ,30,3,ตะขบ,0,estimated,ต้น,"8,100","3,350","5,350","3,700",survey,,,,,,,
120,PLTA0120,2568,A,ต,1,ตะคร้อ,80,8,ตะคร้อ,0,estimated,ต้น,"15,250","12,300","21,000","16,450",survey,,,,,,,
121,PLTA0121,2568,A,ต,1,ตะคร้ำ,80,,ตะคร้ำ,0,estimated,ต้น,"30,050",0,"6,500","4,600",survey,,,,,,,
122,PLTA0122,2568,A,ต,1,ตะเคียน ตะเคียนทอง,100,,ตะเคียนทอง,3,"CN,N,NE",ต้น,"37,000",0,"5,485","3,728",survey,,,,,,,
123,PLTA0123,2568,A,ต,1,ตะเบเหลือง เหลืองปรีดียาธร,40,,เหลืองปรีดียาธร,2,"CN,N",ต้น,"22,000",0,"2,960","2,120",survey,,,,,,,
124,PLTA0124,2568,A,ต,1,ตะแบก,80,,ตะแบก,0,estimated,ต้น,"28,000",0,"6,050","4,300",survey,,,,,,,
125,PLTA0125,2568,A,ต,1,ตะล่ำ,50,,ตะล่ำ,0,estimated,ต้น,"20,750",0,"5,100","4,000",survey,,,,,,,
126,PLTA0126,2568,A,ต,1,ตะลิงปลึง,40,3,ตะลิงปลึง,0,estimated,ต้น,"7,850","3,250","5,200","3,600",survey,,,,,,,
127,PLTA0127,2568,A,ต,1,ตาลกิ่ง,60,10,ตาลกิ่ง,0,estimated,ต้น,"10,100","3,400","6,500","5,000",survey,,,,,,,
128,PLTA0128,2568,A,ต,1,ตาลจีน,60,,ตาลจีน,0,estimated,ต้น,"19,150",0,"4,700","3,700",survey,,,,,,,
129,PLTA0129,2568,A,ต,1,ตาลโตนด ตาล,80,12,ตาลโตนด ตาล,0,estimated,ต้น,"13,800","11,100","18,950","14,900",survey,,,,,,,
130,PLTA0130,2568,A,ต,1,ตาลฟ้า,60,,ตาลฟ้า,0,estimated,ต้น,"18,050",0,"4,450","3,500",survey,,,,,,,
131,PLTA0131,2568,A,ต,1,ติ้ว แต้ว,60,4.5,ติ้ว แต้ว,0,estimated,ต้น,"10,400","3,500","6,650","5,150",survey,,,,,,,
132,PLTA0132,2568,A,ต,1,เต็ง,100,,เต็ง,3,"CN,N,NE",ต้น,"39,000",0,"5,378","3,734",survey,,,,,,,
133,PLTA0133,2568,A,ต,1,เต่าลั้ง เต่าร้าง,40,8,เต่าลั้ง เต่าร้าง,0,estimated,ต้น,"7,450","3,100","4,950","3,450",survey,,,,,,,
134,PLTA0134,2568,A,ท,1,ท้อ,30,3,ท้อ,0,estimated,ต้น,"7,150","2,950","4,750","3,300",survey,,,,,,,
135,PLTA0135,2568,A,ท,1,ทองกวาว,50,,ทองกวาว,0,estimated,ต้น,"18,700",0,"4,600","3,600",survey,,,,,,,
136,PLTA0136,2568,A,ท,0,ทองพันชั่ง,20,,ทองพันชั่ง,0,estimated,ต้น,"19,200",0,"1,300","1,000",survey,,,,,,,
137,PLTA0137,2568,A,ท,1,ทองหลาง,40,,ทองหลาง,0,estimated,ต้น,"17,400",0,"2,900","2,200",survey,,,,,,,
138,PLTA0138,2568,A,ท,1,ทองอุไร,20,,ทองอุไร,0,estimated,ต้น,"20,050",0,"1,350","1,000",survey,,,,,,,
139,PLTA0139,2568,A,ท,1,ทัง,60,,ทัง,0,estimated,ต้น,"20,100",0,"4,950","3,900",survey,,,,,,,
140,PLTA0140,2568,A,ท,1,ทับทิม,30,3,ทับทิม / ทับทิมแดง / ทับทิมขาว,3,"CN,N,S",ต้น,"4,383","1,450","2,141","1,436",survey,,,,,,,
141,PLTA0141,2568,A,ท,1,ทุเรียนเทศ ทุเรียนน้ำ,30,3,ทุเรียนเทศ ทุเรียนน้ำ,0,estimated,ต้น,"7,800","3,250","5,150","3,600",survey,,,,,,,
142,PLTA0142,2568,A,ท,1,ทุเรียนพันธุ์พื้นเมือง/ทั่วไป,80,8,ทุเรียนพันธุ์พื้นเมือง,1,S,ต้น,"28,000","35,000","42,000","25,915",survey,,,,,,,
143,PLTA0143,2568,A,ท,1,ทุเรียนพันธุ์ดี,80,5,ทุเรียนหมอนทอง,3,"CN,N,S",ต้น,"25,333","23,000","52,825","49,005",survey,,,,,,,
144,PLTA0144,2568,A,ท,1,เทียนทอง,20,,เทียนทอง,0,estimated,ต้น,"18,800",0,"1,250",950,survey,,,,,,,
145,PLTA0145,2568,A,ท,1,เทียนหยด (ช่อม่วง ฟองสมุทร),20,,เทียนหยด (ช่อม่วง ฟองสมุทร),0,estimated,ต้น,"19,350",0,"1,300","1,000",survey,,,,,,,
146,PLTA0146,2568,A,ท,1,เทียม,60,,เทียม,0,estimated,ต้น,"19,600",0,"4,800","3,800",survey,,,,,,,
147,PLTA0147,2568,A,ท,1,ไทร,100,,ไทร,3,"CN,N,NE",ต้น,"17,633",0,"4,512","3,301",survey,,,,,,,
148,PLTA0148,2568,A,ท,1,ไทรดัด,100,,ไทรดัด,0,estimated,ต้น,"26,400",0,"6,550","5,200",survey,,,,,,,
149,PLTA0149,2568,A,ท,1,ไทรทอง,100,,ไทรทอง,0,estimated,ต้น,"24,100",0,"5,950","4,700",survey,,,,,,,
150,PLTA0150,2568,A,ธ,1,ธัมมัง ทํามัง,60,5.5,ธัมมัง ทํามัง,0,estimated,ต้น,"9,600","3,250","6,200","4,800",survey,,,,,,,
151,PLTA0151,2568,A,น,1,นนทรี,50,,นนทรี,0,estimated,ต้น,"17,900",0,"4,400","3,450",survey,,,,,,,
152,PLTA0152,2568,A,น,1,นมแมว นมควาย,30,3,นมแมว นมควาย,0,estimated,ต้น,"7,500","3,100","5,000","3,450",survey,,,,,,,
153,PLTA0153,2568,A,น,1,นมวัว,30,3,นมวัว,0,estimated,ต้น,"7,300","3,050","4,850","3,350",survey,,,,,,,
154,PLTA0154,2568,A,น,1,น้อยหน่าพันธุ์ดี,20,2,น้อยหน่า,2,"N,NE",ต้น,"5,500","1,900","4,725","3,512",survey,,,,,,,
155,PLTA0155,2568,A,น,1,น้อยหน่าพันธุ์พื้นเมือง/ทั่วไป,30,3,น้อยหน่าป่า,1,CN,ต้น,"5,600","2,000","5,000","4,250",survey,,,,,,,
156,PLTA0156,2568,A,น,1,น้อยโหน่ง,30,3,น้อยโหน่ง,0,estimated,ต้น,"7,100","2,950","4,700","3,250",survey,,,,,,,
157,PLTA0157,2568,A,น,1,นางพญาเสือโคร่ง,40,,นางพญาเสือโคร่ง,0,estimated,ต้น,"17,150",0,"2,850","2,150",survey,,,,,,,
158,PLTA0158,2568,A,น,1,น้ำเกลื้อน น้ำเกลี้ยง,60,,น้ำเกลื้อน น้ำเกลี้ยง,0,estimated,ต้น,"19,600",0,"4,850","3,800",survey,,,,,,,
159,PLTA0159,2568,A,น,1,น้ำเต้า,1,1,น้ำเต้า,0,estimated,ต้น,"2,200","1,750","2,200","1,950",survey,,,,,,,
160,PLTA0160,2568,A,น,1,นุ่น,50,5,นุ่น,0,estimated,ต้น,"10,400","3,500","6,700","5,150",survey,,,,,,,
161,PLTA0161,2568,A,น,1,เนียง,60,6,เนียง,0,estimated,ต้น,"9,850","3,350","6,350","4,900",survey,,,,,,,
162,PLTA0162,2568,A,น,1,เนียน,50,5.5,เนียน,0,estimated,ต้น,"9,500","3,200","6,100","4,700",survey,,,,,,,
163,PLTA0163,2568,A,บ,1,บ๊วย,30,3,บ๊วย,0,estimated,ต้น,"7,650","3,150","5,050","3,500",survey,,,,,,,
164,PLTA0164,2568,A,บ,1,เบ็ญ,60,,เบ็ญ,0,estimated,ต้น,"17,850",0,"4,400","3,450",survey,,,,,,,
165,PLTA0165,2568,A,บ,1,โบตั๋น,20,,โบตั๋น,0,estimated,ต้น,"20,400",0,"1,350","1,050",survey,,,,,,,
166,PLTA0166,2568,A,บ,1,ใบเงิน ใบทอง ใบนาค,20,,ใบเงิน ใบทอง ใบนาค,0,estimated,ต้น,"18,950",0,"1,250",950,survey,,,,,,,
167,PLTA0167,2568,A,บ,1,บัวสวรรค์ บัวฝรั่ง กัตตาเวีย,30,,บัวสวรรค์ บัวฝรั่ง กัตตาเวีย,0,estimated,ต้น,"19,150",0,"3,200","2,400",survey,,,,,,,
168,PLTA0168,2568,A,บ,1,บานบุรี,20,,บานบุรี,0,estimated,ต้น,"17,700",0,"1,200",900,survey,,,,,,,
169,PLTA0169,2568,A,บ,1,บุนนาค,80,,บุนนาค,0,estimated,ต้น,"29,050",0,"6,250","4,450",survey,,,,,,,
170,PLTA0170,2568,A,บ,1,บุหงา (ส่าหรี),30,,บุหงา (ส่าหรี),0,estimated,ต้น,"18,300",0,"3,050","2,300",survey,,,,,,,
171,PLTA0171,2568,A,ป,1,ปรง (ไม้ประดับ),100,,ปรง (ไม้ประดับ),0,estimated,ต้น,"27,600",0,"6,850","5,400",survey,,,,,,,
172,PLTA0172,2568,A,ป,1,ประ,60,6.5,ประ,0,estimated,ต้น,"9,850","3,350","6,350","4,900",survey,,,,,,,
173,PLTA0173,2568,A,ป,1,ประดู่,100,,ประดู่หางนกยูง,3,"CN,N,NE",ต้น,"18,167",0,"3,960","2,893",survey,,,,,,,
174,PLTA0174,2568,A,ป,1,ประดู่เหลือง,60,,ประดู่เหลือง,0,estimated,ต้น,"19,250",0,"4,750","3,700",survey,,,,,,,
175,PLTA0175,2568,A,ป,1,ประดู่แดง,80,,ประดู่แดง,3,"CN,N,NE",ต้น,"16,833",0,"9,153","5,397",survey,,,,,,,
176,PLTA0176,2568,A,ป,1,ประดู่ชิงชัน,100,,ชิงชัน,3,"CN,N,NE",ต้น,"24,833",0,"8,595","5,778",survey,,,,,,,
177,PLTA0177,2568,A,ป,1,ประดู่ป่า,100,,ประดู่ป่า,3,"CN,N,NE",ต้น,"19,333",0,"12,917","8,708",survey,,,,,,,
178,PLTA0178,2568,A,ป,1,ประยงค์,40,,ประยงค์,0,estimated,ต้น,"17,650",0,"2,950","2,200",survey,,,,,,,
179,PLTA0179,2568,A,ป,1,ปริกหางกระรอก,20,,ปริกหางกระรอก,0,estimated,ต้น,"18,450",0,"1,250",950,survey,,,,,,,
180,PLTA0180,2568,A,ป,1,ปอสา ปอทะเล,30,,ปอสา ปอทะเล,0,estimated,ต้น,"18,400",0,"3,100","2,300",survey,,,,,,,
181,PLTA0181,2568,A,ป,1,ป่านศรนารายณ์,15,,ป่านศรนารายณ์,0,estimated,ต้น,"18,800",0,"1,250",950,survey,,,,,,,
182,PLTA0182,2568,A,ป,1,ปาริชาติ,50,,ปาริชาติ,0,estimated,ต้น,"17,850",0,"4,400","3,450",survey,,,,,,,
183,PLTA0183,2568,A,ป,1,ปาล์มขนนก,50,,ปาล์มขนนก,0,estimated,ต้น,"20,350",0,"5,000","3,950",survey,,,,,,,
184,PLTA0184,2568,A,ป,1,ปาล์มขวด,50,,ปาล์มขวด,0,estimated,ต้น,"20,550",0,"5,050","3,950",survey,,,,,,,
185,PLTA0185,2568,A,ป,1,ปาล์มจีน,50,,ปาล์มจีน,0,estimated,ต้น,"18,200",0,"4,500","3,500",survey,,,,,,,
186,PLTA0186,2568,A,ป,1,ปาล์มจีบ,50,,ปาล์มจีบ,0,estimated,ต้น,"19,500",0,"4,800","3,750",survey,,,,,,,
187,PLTA0187,2568,A,ป,1,ปาล์มชวา,50,,ปาล์มชวา,0,estimated,ต้น,"18,100",0,"4,450","3,500",survey,,,,,,,
188,PLTA0188,2568,A,ป,1,ปาล์มแชมเปญ,50,,ปาล์มแชมเปญ,0,estimated,ต้น,"19,850",0,"4,900","3,850",survey,,,,,,,
189,PLTA0189,2568,A,ป,1,ปาล์มแดง,40,,ปาล์มแดง,0,estimated,ต้น,"17,700",0,"2,950","2,250",survey,,,,,,,
190,PLTA0190,2568,A,ป,1,ปาล์มน้ำมัน,30,3,ปาล์มน้ำมัน,0,estimated,ต้น,"7,700","3,200","5,100","3,550",survey,,,,,,,
191,PLTA0191,2568,A,ป,1,ปาล์มพัด,50,,ปาล์มพัด,0,estimated,ต้น,"20,000",0,"4,950","3,850",survey,,,,,,,
192,PLTA0192,2568,A,ป,1,ปาล์มฟอกซ์เทล,40,,ปาล์มฟอกซ์เทล,0,estimated,ต้น,"19,100",0,"3,200","2,400",survey,,,,,,,
193,PLTA0193,2568,A,ป,1,ปาล์มเยอรมัน,50,,ปาล์มเยอรมัน,0,estimated,ต้น,"18,100",0,"4,450","3,500",survey,,,,,,,
194,PLTA0194,2568,A,ป,1,ปาล์มแว๊กซ์,50,,ปาล์มแว๊กซ์,0,estimated,ต้น,"20,600",0,"5,100","4,000",survey,,,,,,,
195,PLTA0195,2568,A,ป,1,ปาล์มสิบสองปันนา,40,,ปาล์มสิบสองปันนา,0,estimated,ต้น,"17,550",0,"2,950","2,200",survey,,,,,,,
196,PLTA0196,2568,A,ป,1,ปีบ กาสะลอง,50,,ปีบ กาสะลอง,0,estimated,ต้น,"17,900",0,"4,400","3,450",survey,,,,,,,
197,PLTA0197,2568,A,ป,1,แปรงล้างขวด,30,,แปรงล้างขวด,0,estimated,ต้น,"18,500",0,"3,100","2,350",survey,,,,,,,
198,PLTA0198,2568,A,ป,1,โปร่งฟ้า,30,,โปร่งฟ้า,0,estimated,ต้น,"17,950",0,"3,000","2,250",survey,,,,,,,
199,PLTA0199,2568,A,ผ,1,ผกากรอง,10,,ผกากรอง,0,estimated,กอ,"20,000",0,"1,350","1,000",survey,,,,,,,
200,PLTA0200,2568,A,ผ,1,ผักหวาน,40,3,ผักหวานบ้าน,1,S,ต้น,"3,800","12,000","13,500","7,080",survey,,,,,,,
201,PLTA0201,2568,A,ผ,1,ผักเหลียง (เหมียง),40,3,ผักเหลียง,1,S,ต้น/กอ,"1,200",800,"1,200","1,200",survey,,,,,,,
202,PLTA0202,2568,A,ผ,1,ผักเฮือด ผักฮิ้,30,3,ผักเฮือด ผักฮิ้,0,estimated,ต้น,"7,900","3,300","5,250","3,650",survey,,,,,,,
203,PLTA0203,2568,A,ผ,1,ไผ่ ไผ่จีน ไผ่สีทอง ไผ่เหลือง,20,3,ไผ่ ไผ่จีน ไผ่สีทอง ไผ่เหลือง,0,estimated,กอ,"2,250","1,800","2,250","2,000",survey,,,,,,,
204,PLTA0204,2568,A,ผ,1,ไผ่ตง ไผ่บ้าน ไผ่ใหญ่,30,3,ไผ่ตง,3,"CN,N,NE",กอ,"7,700","2,800",119,90,survey,,,,,,,
205,PLTA0205,2568,A,ผ,1,ไผ่น้ำเต้า,20,3,ไผ่น้ำเต้า,0,estimated,กอ,"2,500","2,000","2,500","2,200",survey,,,,,,,
206,PLTA0206,2568,A,ผ,1,ไผ่บง ไผ่สีสุก ไผ่หวาน,30,2,ไผ่บง,3,"CN,N,NE",กอ,"8,067","3,133",123,90,survey,,,,,,,
207,PLTA0207,2568,A,ผ,1,ไผ่ป่า ไผ่ทั่วไป,40,3,ไผ่ป่า ไผ่ทั่วไป,0,estimated,กอ,"7,250","3,000","4,800","3,350",survey,,,,,,,
208,PLTA0208,2568,A,ผ,1,ไผ่เป๊าะ,30,2,ไผ่เป๊าะ,0,estimated,กอ,"7,550","3,150","5,000","3,450",survey,,,,,,,
209,PLTA0209,2568,A,ผ,1,ไผ่รวก ไผ่ลำมะลอก,25,3,ไผ่รวก ไผ่ลำมะลอก,0,estimated,กอ,"7,250","3,000","4,800","3,300",survey,,,,,,,
210,PLTA0210,2568,A,ผ,1,ไผ่ลาย,20,3,ไผ่ลาย,0,estimated,กอ,"2,500","2,000","2,500","2,200",survey,,,,,,,
211,PLTA0211,2568,A,ผ,1,ไผ่เลี้ยง,20,2,ไผ่เลี้ยง,0,estimated,กอ,"2,200","1,750","2,200","1,950",survey,,,,,,,
212,PLTA0212,2568,A,ฝ,1,ฝรั่งพันธุ์ดี,30,2,ฝรั่ง / ฝรั่งกิมจู / ฝรั่งไส้แดง,1,N,ต้น,"3,525","1,575","2,006","1,842",survey,,,,,,,
213,PLTA0213,2568,A,ฝ,1,ฝรั่งพันธุ์พื้นเมือง,30,3,ฝรั่งกลม,1,NE,ต้น,"3,500","1,400","2,000","1,910",survey,,,,,,,
214,PLTA0214,2568,A,ฝ,1,ฝาด,60,,ฝาด,0,estimated,ต้น,"17,900",0,"4,400","3,450",survey,,,,,,,
215,PLTA0215,2568,A,พ,1,เพกา ลิ้นฟ้า ลิ้นไม้ มะริดไม้ สะบ้ามอญ,30,3,เพกา ลิ้นฟ้า ลิ้นไม้ มะริดไม้ สะบ้ามอญ,0,estimated,ต้น,"7,450","3,100","4,950","3,400",survey,,,,,,,
216,PLTA0216,2568,A,พ,1,โพธิ์,100,,โพธิ์,3,"CN,N,NE",ต้น,"16,000",0,"2,870","2,305",survey,,,,,,,
217,PLTA0217,2568,A,พ,1,โพธิ์ไทร,100,,โพธิ์ไทร,0,estimated,ต้น,"27,850",0,"6,900","5,450",survey,,,,,,,
218,PLTA0218,2568,A,พ,1,พง,20,,พง,0,estimated,ต้น,"20,150",0,"1,350","1,000",survey,,,,,,,
219,PLTA0219,2568,A,พ,1,พยอม,80,,พยอม,0,estimated,ต้น,"30,250",0,"6,550","4,600",survey,,,,,,,
220,PLTA0220,2568,A,พ,1,พยุง พะยุง พะยูง,100,,พะยูง,3,"CN,N,NE",ต้น,"42,667",0,"4,645","13,634",survey,,,,,,,
221,PLTA0221,2568,A,พ,1,พริกไทย,15,2,พริกไทย,0,estimated,ค้าง,"2,450","2,000","2,450","2,200",survey,,,,,,,
222,PLTA0222,2568,A,พ,1,พฤกษ์,60,,พฤกษ์,0,estimated,ต้น,"20,550",0,"5,050","3,950",survey,,,,,,,
223,PLTA0223,2568,A,พ,1,พลวง กุง ตึง,80,,พลวง กุง ตึง,0,estimated,ต้น,"29,200",0,"6,300","4,450",survey,,,,,,,
224,PLTA0224,2568,A,พ,1,พลับ มะพลับ,60,5,ลูกพลับสีชมพู / ลูกพลับ,1,CN,ต้น,"4,350","1,650","2,750","1,992",survey,,,,,,,
225,PLTA0225,2568,A,พ,1,พลับพลา,50,5.5,พลับพลา,0,estimated,ต้น,"9,450","3,200","6,100","4,700",survey,,,,,,,
226,PLTA0226,2568,A,พ,1,พวงทอง,20,,พวงทอง,0,estimated,ต้น,"19,800",0,"1,300","1,000",survey,,,,,,,
227,PLTA0227,2568,A,พ,1,พันชาด,60,,พันชาด,0,estimated,ต้น,"19,800",0,"4,900","3,850",survey,,,,,,,
228,PLTA0228,2568,A,พ,1,พิกุล,80,9,พิกุล,0,estimated,ต้น,"14,050","11,300","19,300","15,150",survey,,,,,,,
229,PLTA0229,2568,A,พ,1,พุด,20,,พุด,0,estimated,ต้น,"17,750",0,"1,200",900,survey,,,,,,,
230,PLTA0230,2568,A,พ,1,พุดกุหลาบ,20,,พุดกุหลาบ,0,estimated,ต้น,"19,750",0,"1,300","1,000",survey,,,,,,,
231,PLTA0231,2568,A,พ,1,พุดซ้อน,20,,พุดซ้อน,0,estimated,ต้น,"18,250",0,"1,200",950,survey,,,,,,,
232,PLTA0232,2568,A,พ,1,พุดน้ำบุศย์,20,,พุดน้ำบุศย์,0,estimated,ต้น,"20,300",0,"1,350","1,050",survey,,,,,,,
233,PLTA0233,2568,A,พ,1,พุดน้ำผึ้ง,20,,พุดน้ำผึ้ง,0,estimated,ต้น,"18,200",0,"1,200",900,survey,,,,,,,
234,PLTA0234,2568,A,พ,1,พุทราจีน,30,2,พุทราจีน,0,estimated,ต้น,"7,050","2,950","4,700","3,250",survey,,,,,,,
235,PLTA0235,2568,A,พ,1,พุทราพันธุ์ดี,25,2,พุทราเชียงใหม่,2,"CN,NE",ต้น,"11,150","3,900","4,750","3,162",survey,,,,,,,
236,PLTA0236,2568,A,พ,1,พุทราพันธุ์พื้นเมือง พุทราไทย,30,3,พุทราพันธุ์พื้นเมือง พุทราไทย,0,estimated,ต้น,"7,900","3,300","5,250","3,650",survey,,,,,,,
237,PLTA0237,2568,A,พ,1,พุทราอินเดีย,30,2,พุทราอินเดีย,0,estimated,ต้น,"7,100","2,950","4,700","3,250",survey,,,,,,,
238,PLTA0238,2568,A,พ,1,พูม,60,,พูม,0,estimated,ต้น,"18,350",0,"4,500","3,550",survey,,,,,,,
239,PLTA0239,2568,A,ฟ,1,เฟื่องฟ้า,30,,เฟื่องฟ้า,0,estimated,ต้น,"18,650",0,"3,100","2,350",survey,,,,,,,
240,PLTA0240,2568,A,ม,1,มะกรูด,30,3,มะกรูด,4,"CN,N,NE,S",ต้น,820,788,604,767,survey,,,,,,,
241,PLTA0241,2568,A,ม,1,มะกอกเทศ มะกอกฝรั่ง,50,5,มะกอกเทศ มะกอกฝรั่ง,0,estimated,ต้น,"10,350","3,500","6,650","5,150",survey,,,,,,,
242,PLTA0242,2568,A,ม,1,มะกอกไทย,60,6,มะกอกไทย,0,estimated,ต้น,"9,250","3,150","5,950","4,600",survey,,,,,,,
243,PLTA0243,2568,A,ม,1,มะกอกน้ำ,40,4,มะกอกน้ำ,0,estimated,ต้น,"7,300","3,050","4,850","3,350",survey,,,,,,,
244,PLTA0244,2568,A,ม,1,มะกอกป่า (ไม้ตบแต่งขนาดใหญ่),80,,มะกอกป่า (ไม้ตบแต่งขนาดใหญ่),0,estimated,ต้น,"30,400",0,"6,550","4,650",survey,,,,,,,
245,PLTA0245,2568,A,ม,1,มะกา,60,,มะกา,0,estimated,ต้น,"20,800",0,"5,100","4,000",survey,,,,,,,
246,PLTA0246,2568,A,ม,1,มะเกลือ,60,8,มะเกลือ,0,estimated,ต้น,"9,750","3,300","6,250","4,850",survey,,,,,,,
247,PLTA0247,2568,A,ม,1,มะเกี๋ยง,50,5,มะเกี๋ยง,0,estimated,ต้น,"9,200","3,100","5,900","4,550",survey,,,,,,,
248,PLTA0248,2568,A,ม,1,มะขวิด,60,6,มะขวิด,0,estimated,ต้น,"9,000","3,050","5,750","4,450",survey,,,,,,,
249,PLTA0249,2568,A,ม,1,มะขามเทศ,40,3,มะขามเทศ,1,NE,ต้น,"7,800","1,500","3,800","2,770",survey,,,,,,,
250,PLTA0250,2568,A,ม,1,มะขามไทย มะขามพันธุ์ทั่วไป,80,7,มะขามเปรี้ยว,2,"CN,NE",ต้น,"6,650","1,150","3,350","2,495",survey,,,,,,,
251,PLTA0251,2568,A,ม,1,มะขามปลูกเป็นแนวรั้ว,60,5.5,มะขามปลูกเป็นแนวรั้ว,0,estimated,เมตร,"9,350","3,150","6,000","4,650",survey,,,,,,,
252,PLTA0252,2568,A,ม,1,มะขามป้อม,60,5,มะขามป้อม,0,estimated,ต้น,"9,150","3,100","5,900","4,550",survey,,,,,,,
253,PLTA0253,2568,A,ม,0,มะขามหวาน,80,6,มะขามหวาน,0,estimated,เมตร,"14,750","11,850","20,250","15,900",survey,,,,,,,
254,PLTA0254,2568,A,ม,1,มะขามหวานพันธุ์ดี,80,4,มะขามหวาน,3,"CN,N,NE",ต้น,"7,293","1,467","3,320","2,480",survey,,,,,,,
255,PLTA0255,2568,A,ม,1,มะเข่ง,40,4,มะเข่ง,0,estimated,ต้น,"7,050","2,950","4,700","3,250",survey,,,,,,,
256,PLTA0256,2568,A,ม,1,มะค่า มะค่าแต้ มะค่าโมง,100,,มะค่าโมง,3,"CN,N,NE",ต้น,"34,000",0,"5,428","3,931",survey,,,,,,,
257,PLTA0257,2568,A,ม,1,มะดัน,40,4,มะดัน,0,estimated,ต้น,"7,550","3,150","5,000","3,450",survey,,,,,,,
258,PLTA0258,2568,A,ม,1,มะเดื่อ,50,3,มะเดื่อ,0,estimated,ต้น,"10,050","3,400","6,450","5,000",survey,,,,,,,
259,PLTA0259,2568,A,ม,1,มะตาด ส้มปรุ,50,5,มะตาด ส้มปรุ,0,estimated,ต้น,"9,850","3,350","6,350","4,900",survey,,,,,,,
260,PLTA0260,2568,A,ม,1,มะตูม,60,6,มะตูม,3,"CN,N,NE",ต้น,"5,267","1,167","1,812","1,451",survey,,,,,,,
261,PLTA0261,2568,A,ม,1,มะตูมแขก,30,3,มะตูมแขก,0,estimated,ต้น,"7,150","2,950","4,750","3,300",survey,,,,,,,
262,PLTA0262,2568,A,ม,1,มะนาว,20,2,มะนาว,4,"CN,N,NE,S",ต้น,"2,450","1,525","2,099","3,040",survey,,,,,,,
263,PLTA0263,2568,A,ม,1,มะนาวฝรั่ง,20,3,มะนาวฝรั่ง,0,estimated,ต้น,"2,450","1,950","2,450","2,150",survey,,,,,,,
264,PLTA0264,2568,A,ม,0,มะปราง,60,5,มะปราง,0,estimated,ต้น,"10,100","3,400","6,500","5,000",survey,,,,,,,
265,PLTA0265,2568,A,ม,1,มะปราง (เปรี้ยว),60,4,มะปราง,1,N,ต้น,"6,200","1,800","1,635","1,363",survey,,,,,,,
266,PLTA0266,2568,A,ม,1,มะปราง (หวาน),50,5,มะปรางหวาน,2,"CN,NE",ต้น,"6,200","2,150","3,795","4,576",survey,,,,,,,
267,PLTA0267,2568,A,ม,1,มะปริง,50,5,มะปริง,0,estimated,ต้น,"10,100","3,400","6,500","5,050",survey,,,,,,,
268,PLTA0268,2568,A,ม,1,มะผู้ มะเมีย,50,,มะผู้ มะเมีย,0,estimated,ต้น,"18,200",0,"4,500","3,500",survey,,,,,,,
269,PLTA0269,2568,A,ม,1,มะพร้าวพันธุ์ดี มะพร้าวเตี้ย มะพร้าวน้ำหอม,60,3,มะพร้าวน้ำหอม,2,"NE,S",ต้น,"9,150","1,125","5,600","4,420",survey,,,,,,,
270,PLTA0270,2568,A,ม,1,มะพร้าวตัดยอด,60,5,มะพร้าวตัดยอด,0,estimated,ต้น,"9,150","3,100","5,900","4,550",survey,,,,,,,
271,PLTA0271,2568,A,ม,1,มะพร้าวพันธุ์ทั่วไป,60,6,มะพร้าว / มะพร้าวพันธุ์ผสม,2,"CN,N",ต้น,"8,088",625,"4,615","3,928",survey,,,,,,,
272,PLTA0272,2568,A,ม,1,มะพร้าวหนัก,80,7,มะพร้าวหนัก,1,S,ต้น,"3,600","1,200","3,000","1,880",survey,,,,,,,
273,PLTA0273,2568,A,ม,1,มะพลับ,60,5,มะพลับ,0,estimated,ต้น,"10,400","3,500","6,700","5,150",survey,,,,,,,
274,PLTA0274,2568,A,ม,1,มะพอก,60,,มะพอก,0,estimated,ต้น,"19,000",0,"4,700","3,650",survey,,,,,,,
275,PLTA0275,2568,A,ม,1,มะพูด,50,5,มะพูด,0,estimated,ต้น,"9,450","3,200","6,050","4,700",survey,,,,,,,
276,PLTA0276,2568,A,ม,1,มะเฟือง,30,3,มะเฟืองหวาน,2,"CN,NE",ต้น,"5,100","1,900","3,250","2,148",survey,,,,,,,
277,PLTA0277,2568,A,ม,1,มะไฟ,50,5,มะไฟ,0,estimated,ต้น,"9,750","3,300","6,250","4,850",survey,,,,,,,
278,PLTA0278,2568,A,ม,1,มะม่วงทั่วไป,60,5,มะม่วงพันธุ์พื้นเมือง,2,"CN,NE",ต้น,"10,350","3,700","6,250","3,945",survey,,,,,,,
279,PLTA0279,2568,A,ม,1,มะม่วงป่า,80,7,มะม่วงป่า,0,estimated,ต้น,"14,700","11,850","20,200","15,850",survey,,,,,,,
280,PLTA0280,2568,A,ม,1,มะม่วงพันธุ์ดี,60,3,มะม่วงพันธุ์ดี / มะม่วงน้ำดอกไม้,1,N,ต้น,"12,138","4,325","8,362","6,756",survey,,,,,,,
281,PLTA0281,2568,A,ม,1,มะม่วงมะมุด,60,5,มะม่วงมะมุด,0,estimated,ต้น,"10,450","3,550","6,700","5,200",survey,,,,,,,
282,PLTA0282,2568,A,ม,1,มะม่วงหาวมะนาวโห่,30,2,มะม่วงหาวมะนาวโห่,0,estimated,ต้น,"7,250","3,000","4,800","3,350",survey,,,,,,,
283,PLTA0283,2568,A,ม,1,มะม่วงหิมพานต์,40,3,มะม่วงหิมพานต์,1,S,ต้น,"5,500","3,200","6,500","4,890",survey,,,,,,,
284,PLTA0284,2568,A,ม,1,มะเม่า,50,5,มะเม่า,0,estimated,ต้น,"10,400","3,500","6,700","5,150",survey,,,,,,,
285,PLTA0285,2568,A,ม,1,มะยง,60,6,มะยง,0,estimated,ต้น,"9,000","3,050","5,800","4,450",survey,,,,,,,
286,PLTA0286,2568,A,ม,1,มะยงชิด,50,5,มะยงชิด,2,"CN,N",ต้น,"8,500","3,150","1,825","1,970",survey,,,,,,,
287,PLTA0287,2568,A,ม,1,มะยม,30,3,มะยม,0,estimated,ต้น,"7,600","3,150","5,050","3,500",survey,,,,,,,
288,PLTA0288,2568,A,ม,1,มะรุม,20,1,มะรุม,0,estimated,ต้น,"2,350","1,900","2,350","2,100",survey,,,,,,,
289,PLTA0289,2568,A,ม,0,มะละกอ,5,1,มะละกอ,0,estimated,ต้น,"2,150","1,750","2,150","1,900",survey,,,,,,,
290,PLTA0290,2568,A,ม,1,มะละกอพันธุ์ดี,5,1,มะละกอพันธุ์ดี,0,estimated,ต้น,"2,200","1,750","2,200","1,950",survey,,,,,,,
291,PLTA0291,2568,A,ม,1,มะละกอพันธุ์ทั่วไป,5,1,มะละกอพันธุ์ทั่วไป,0,estimated,ต้น,"2,300","1,850","2,300","2,050",survey,,,,,,,
292,PLTA0292,2568,A,ม,1,มะลิ,15,,มะลิ,0,estimated,ต้น,"20,400",0,"1,350","1,050",survey,,,,,,,
293,PLTA0293,2568,A,ม,1,มะลิวัลย์,10,,มะลิวัลย์,0,estimated,ต้น,"19,300",0,"1,300","1,000",survey,,,,,,,
294,PLTA0294,2568,A,ม,1,มะสัง,50,5,มะสัง,0,estimated,ต้น,"10,400","3,500","6,700","5,200",survey,,,,,,,
295,PLTA0295,2568,A,ม,1,มะหลอด,40,4,มะหลอด,0,estimated,ต้น,"7,900","3,250","5,250","3,650",survey,,,,,,,
296,PLTA0296,2568,A,ม,1,มะหวด กำซำ,50,5,มะหวด กำซำ,0,estimated,ต้น,"9,700","3,250","6,250","4,800",survey,,,,,,,
297,PLTA0297,2568,A,ม,1,มะหาด,80,8.5,มะหาด,0,estimated,ต้น,"15,000","12,050","20,600","16,150",survey,,,,,,,
298,PLTA0298,2568,A,ม,1,มะฮอกกานี,80,,มะฮอกกานี,3,"CN,N,NE",ต้น,"35,500",0,"2,210","1,873",survey,,,,,,,
299,PLTA0299,2568,A,ม,1,มังคุด,80,7,มังคุดพันธุ์ดี / มังคุดบ้านนา / มังคุดเขาคีรีวง,1,N,ต้น,"15,125","7,438","13,660","10,925",survey,,,,,,,
300,PLTA0300,2568,A,ม,1,มันปู,50,,มันปู,0,estimated,ต้น,"17,850",0,"4,400","3,450",survey,,,,,,,
301,PLTA0301,2568,A,ม,1,มิกกี้เม้าส์,20,,มิกกี้เม้าส์,0,estimated,ต้น,"17,800",0,"1,200",900,survey,,,,,,,
302,PLTA0302,2568,A,ม,1,เมี่ยง,50,3,เมี่ยง,0,estimated,ต้น,"10,250","3,450","6,600","5,100",survey,,,,,,,
303,PLTA0303,2568,A,ม,1,เมียด เหมียด,50,,เมียด เหมียด,0,estimated,ต้น,"20,250",0,"5,000","3,900",survey,,,,,,,
304,PLTA0304,2568,A,ม,1,โมกด่าง,20,,โมกด่าง,0,estimated,ต้น,"18,150",0,"1,200",900,survey,,,,,,,
305,PLTA0305,2568,A,ม,1,โมกป่า โมกมัน,40,,โมกป่า โมกมัน,0,estimated,ต้น,"18,400",0,"3,100","2,300",survey,,,,,,,
306,PLTA0306,2568,A,ย,1,ยอ,30,2,ยอ,0,estimated,ต้น,"7,650","3,150","5,050","3,500",survey,,,,,,,
307,PLTA0307,2568,A,ย,1,ยมหอม,60,,ยมหอม,0,estimated,ต้น,"20,450",0,"5,050","3,950",survey,,,,,,,
308,PLTA0308,2568,A,ย,1,ยางนา,100,,ยางนา,0,estimated,ต้น,"26,200",0,"6,500","5,150",survey,,,,,,,
309,PLTA0309,2568,A,ย,1,ยางพาราพันธุ์พื้นเมือง,40,7,ยางพาราพันธุ์พื้นเมือง,0,estimated,ต้น,"7,400","3,100","4,900","3,400",survey,,,,,,,
310,PLTA0310,2568,A,ย,1,ยางพารา (กล้า),35,7,ยางพาราขนาดกลาง / ยางพาราขนาดเล็ก,3,"CN,N,NE",ต้น,"19,500","2,416","10,837","6,422",survey,,,,,,,
311,PLTA0311,2568,A,ย,1,ยางพาราที่ปลูกด้วยเมล็ดในแปลง (การปลูกแบบ 2 หลุม) หลุมละ,35,7,ยางพาราที่ปลูกด้วยเมล็ดในแปลง (การปลูกแบบ 2 หลุม) หลุมละ,0,estimated,หลุม,"7,350","3,050","4,900","3,400",survey,,,,,,,
312,PLTA0312,2568,A,ย,1,ยางอินเดีย,50,,ยางอินเดีย,0,estimated,ต้น,"19,100",0,"4,700","3,700",survey,,,,,,,
313,PLTA0313,2568,A,ย,1,ยี่เข่ง,20,,ยี่เข่ง,0,estimated,ต้น,"19,450",0,"1,300","1,000",survey,,,,,,,
314,PLTA0314,2568,A,ย,1,ยางพาราพันธุ์ดี,30,6,ยางพาราขนาดใหญ่,3,"CN,N,NE",ต้น,"33,000","7,500","20,352","12,361",survey,,,,,,,
315,PLTA0315,2568,A,ย,1,ยี่โถ,20,,ยี่โถ,0,estimated,ต้น,"20,100",0,"1,350","1,000",survey,,,,,,,
316,PLTA0316,2568,A,ย,1,ยี่หุบ,20,,ยี่หุบ,0,estimated,ต้น,"18,850",0,"1,250",950,survey,,,,,,,
317,PLTA0317,2568,A,ย,1,ยูคาลิปตัส,20,,ยูคาลิปตัส,3,"CN,N,NE",กอ,"9,967",0,"1,913","1,447",survey,,,,,,,
318,PLTA0318,2568,A,ร,1,รองทอง,40,,รองทอง,0,estimated,ต้น,"17,600",0,"2,950","2,200",survey,,,,,,,
319,PLTA0319,2568,A,ร,1,ระกํา ระกําหวาน,30,4,ระกำหวาน,1,S,ต้น,"3,800","2,500","4,000","2,580",survey,,,,,,,
320,PLTA0320,2568,A,ร,1,รัง,100,,รัง,3,"CN,N,NE",ต้น,"22,833",0,"3,807","2,543",survey,,,,,,,
321,PLTA0321,2568,A,ร,1,ราชาวดี,20,,ราชาวดี,0,estimated,ต้น,"18,200",0,"1,200",900,survey,,,,,,,
322,PLTA0322,2568,A,ร,1,ราตรี,20,,ราตรี,0,estimated,ต้น,"19,750",0,"1,300","1,000",survey,,,,,,,
323,PLTA0323,2568,A,ร,1,รำเพย,20,,รำเพย,0,estimated,ต้น,"19,950",0,"1,350","1,000",survey,,,,,,,
324,PLTA0324,2568,A,ร,1,โรงชัยป่า,60,,โรงชัยป่า,0,estimated,ต้น,"18,100",0,"4,450","3,500",survey,,,,,,,
325,PLTA0325,2568,A,ล,1,ลงไทร,60,,ลงไทร,0,estimated,ต้น,"18,000",0,"4,450","3,450",survey,,,,,,,
326,PLTA0326,2568,A,ล,1,ลองกอง,60,7,ลองกอง,1,S,ต้น,"7,800","2,500","5,500","5,755",survey,,,,,,,
327,PLTA0327,2568,A,ล,1,ละมุด,50,4,ละมุด / ละมุดทรงกลม,1,N,ต้น,"7,650","2,450","2,900","2,120",survey,,,,,,,
328,PLTA0328,2568,A,ล,1,ละไม,60,6,ละไม,0,estimated,ต้น,"9,900","3,350","6,350","4,900",survey,,,,,,,
329,PLTA0329,2568,A,ล,1,ลางแข มะไฟควาย,50,5,ลางแข มะไฟควาย,0,estimated,ต้น,"9,200","3,100","5,900","4,550",survey,,,,,,,
330,PLTA0330,2568,A,ล,1,ลางสาด,60,7,ลางสาด,1,S,ต้น,"7,200","2,200","5,000","4,230",survey,,,,,,,
331,PLTA0331,2568,A,ล,1,ลาน,60,15,ลาน,0,estimated,ต้น,"10,250","3,450","6,600","5,100",survey,,,,,,,
332,PLTA0332,2568,A,ล,1,ลำเจียก,40,,ลำเจียก,0,estimated,ต้น,"17,800",0,"2,950","2,250",survey,,,,,,,
333,PLTA0333,2568,A,ล,1,ลำดวน,60,,ลำดวน,0,estimated,ต้น,"18,200",0,"4,500","3,500",survey,,,,,,,
334,PLTA0334,2568,A,ล,1,ลำพู,50,,ลำพู,0,estimated,ต้น,"20,600",0,"5,100","4,000",survey,,,,,,,
335,PLTA0335,2568,A,ล,1,ลำแพน,50,,ลำแพน,0,estimated,ต้น,"18,300",0,"4,500","3,550",survey,,,,,,,
336,PLTA0336,2568,A,ล,1,ลำไยพันธุ์ดี,60,4,ลำไยพันธุ์ดี / ลำไยอีดอ,1,N,ต้น,"15,050","5,250","8,172","6,202",survey,,,,,,,
337,PLTA0337,2568,A,ล,1,ลำไยพันธุ์พื้นเมือง/ทั่วไป,60,5,ลำไยพันธุ์พื้นเมือง,1,N,ต้น,"14,200","5,000","3,276","3,003",survey,,,,,,,
338,PLTA0338,2568,A,ล,1,ลิ้นจี่พันธุ์ดี,60,4,ลิ้นจี่พันธุ์ดี / ลิ้นจี่ฮงฮวย,1,N,ต้น,"14,800","6,500","11,502","9,680",survey,,,,,,,
339,PLTA0339,2568,A,ล,1,ลิ้นจี่พันธุ์พื้นเมือง/ทั่วไป,60,6,ลิ้นจี่พันธุ์พื้นเมือง/ทั่วไป,0,estimated,ต้น,"9,400","3,150","6,050","4,700",survey,,,,,,,
340,PLTA0340,2568,A,ว,1,วาสนา,20,,วาสนา,0,estimated,ต้น,"17,950",0,"1,200",900,survey,,,,,,,
341,PLTA0341,2568,A,ศ,1,ศุภโชค,30,,ศุภโชค,0,estimated,ต้น,"17,200",0,"2,900","2,150",survey,,,,,,,
342,PLTA0342,2568,A,ล,1,ลีลาวดี ลั่นทม,40,,ลีลาวดี ลั่นทม,0,estimated,ต้น,"16,950",0,"2,850","2,150",survey,,,,,,,
343,PLTA0343,2568,A,ศ,1,ศรีตรัง,50,,ศรีตรัง,0,estimated,ต้น,"17,950",0,"4,400","3,450",survey,,,,,,,
344,PLTA0344,2568,A,ศ,1,โศก,40,,โศก,0,estimated,ต้น,"17,400",0,"2,900","2,200",survey,,,,,,,
345,PLTA0345,2568,A,ส,1,สน สนประดิพัทธ์ สนทะเล,60,,สน สนประดิพัทธ์ สนทะเล,0,estimated,ต้น,"17,950",0,"4,400","3,450",survey,,,,,,,
346,PLTA0346,2568,A,ส,1,สนเกี๊ยะ น้ำมัน สนเขา สนหางม้า,80,,สนเกี๊ยะ น้ำมัน สนเขา สนหางม้า,0,estimated,ต้น,"29,550",0,"6,350","4,500",survey,,,,,,,
347,PLTA0347,2568,A,ส,1,สนคริสต์มาส,30,,สนคริสต์มาส,0,estimated,ต้น,"18,850",0,"3,150","2,350",survey,,,,,,,
348,PLTA0348,2568,A,ส,1,สนฉัตร,50,,สนฉัตร,0,estimated,ต้น,"19,000",0,"4,700","3,650",survey,,,,,,,
349,PLTA0349,2568,A,ส,1,สนแผง,30,,สนแผง,0,estimated,ต้น,"17,800",0,"3,000","2,250",survey,,,,,,,
350,PLTA0350,2568,A,ส,1,สนแผงทอง,30,,สนแผงทอง,0,estimated,ต้น,"18,350",0,"3,050","2,300",survey,,,,,,,
351,PLTA0351,2568,A,ส,1,สนมังกร,40,,สนมังกร,0,estimated,ต้น,"19,450",0,"3,250","2,450",survey,,,,,,,
352,PLTA0352,2568,A,ส,1,สนสาหร่าย,30,,สนสาหร่าย,0,estimated,ต้น,"19,350",0,"3,250","2,450",survey,,,,,,,
353,PLTA0353,2568,A,ส,1,ส้มกา,40,4,ส้มกา,0,estimated,ต้น,"6,950","2,900","4,600","3,200",survey,,,,,,,
354,PLTA0354,2568,A,ส,0,ส้มเกลี้ยง ส้มเข้ง,30,4,ส้มเกลี้ยง ส้มเข้ง,0,estimated,ต้น,"7,150","2,950","4,750","3,300",survey,,,,,,,
355,PLTA0355,2568,A,ส,0,ส้มเขียวหวาน,25,3,ส้มเขียวหวาน,2,"CN,NE",ต้น,"6,350","2,650","5,000","4,272",survey,,,,,,,
356,PLTA0356,2568,A,ส,1,ส้มแขก,50,5,ส้มแขก,0,estimated,ต้น,"9,350","3,150","6,000","4,650",survey,,,,,,,
357,PLTA0357,2568,A,ส,1,ส้มจี๊ด,20,2,ส้มจี๊ด,0,estimated,ต้น,"2,250","1,800","2,200","1,950",survey,,,,,,,
358,PLTA0358,2568,A,ส,1,ส้มจีน,25,3,ส้มจีน,0,estimated,ต้น,"7,600","3,150","5,050","3,500",survey,,,,,,,
359,PLTA0359,2568,A,ส,1,ส้มจุก,25,4,ส้มจุก,1,S,ต้น,"8,500","4,500","7,000","4,250",survey,,,,,,,
360,PLTA0360,2568,A,ส,1,ส้มโซกุน,25,3,ส้มโซกุน,0,estimated,ต้น,"7,400","3,100","4,900","3,400",survey,,,,,,,
361,PLTA0361,2568,A,ส,1,ส้มซ่า,30,4,ส้มซ่า,0,estimated,ต้น,"7,000","2,900","4,650","3,200",survey,,,,,,,
362,PLTA0362,2568,A,ส,1,ส้มป่อย,30,3.5,ส้มป่อย,0,estimated,ต้น,"7,350","3,050","4,900","3,400",survey,,,,,,,
363,PLTA0363,2568,A,ส,1,ส้มแป้น,25,3,ส้มแป้น,0,estimated,ต้น,"7,550","3,150","5,000","3,450",survey,,,,,,,
364,PLTA0364,2568,A,ส,1,ส้มพันธุ์ดี,25,3,ส้มพันธุ์ดี,0,estimated,ต้น,"7,050","2,900","4,650","3,250",survey,,,,,,,
365,PLTA0365,2568,A,ส,1,ส้มพันธุ์ทั่วไป,30,4,ส้มพันธุ์ทั่วไป,0,estimated,ต้น,"7,900","3,300","5,250","3,650",survey,,,,,,,
366,PLTA0366,2568,A,ส,1,ส้มเสี้ยว,40,3.5,ส้มเสี้ยว,0,estimated,ต้น,"7,000","2,900","4,650","3,200",survey,,,,,,,
367,PLTA0367,2568,A,ส,1,สมอ,80,7,สมอ,0,estimated,ต้น,"15,300","12,350","21,050","16,500",survey,,,,,,,
368,PLTA0368,2568,A,ส,1,ส้มโอพันธุ์ดี,40,4,ส้มโอทองดี / ส้มโอทับทิมสยาม,1,NE,ต้น,"8,250","3,750","7,500","5,930",survey,,,,,,,
369,PLTA0369,2568,A,ส,1,ส้มโอพันธุ์พื้นเมือง/ทั่วไป,50,5,ส้มโอขาวแตงกวา,3,"CN,N,NE",ต้น,"7,867","2,733","4,633","3,698",survey,,,,,,,
370,PLTA0370,2568,A,ส,0,สละ,30,4,สละ,0,estimated,ต้น,"7,050","2,900","4,650","3,250",survey,,,,,,,
371,PLTA0371,2568,A,ส,1,สละพันธุ์ดี,30,3,สละสุมาลี,1,S,ต้น,"6,500","4,000","7,500","5,390",survey,,,,,,,
372,PLTA0372,2568,A,ส,1,สละพันธุ์ทั่วไป,35,4,สละพันธุ์ทั่วไป,0,estimated,ต้น,"7,950","3,300","5,250","3,650",survey,,,,,,,
373,PLTA0373,2568,A,ส,1,สะแก,50,,สะแก,0,estimated,กอ,"20,550",0,"5,050","3,950",survey,,,,,,,
374,PLTA0374,2568,A,ส,1,สะเดา สะเดาป่า สะเดาหวาน,60,4,สะเดา,3,"CN,N,NE",ต้น,"11,067",933,"5,802","3,036",survey,,,,,,,
375,PLTA0375,2568,A,ส,1,สะเดาเทียม สะเดาช้าง,50,5.5,สะเดาเทียม สะเดาช้าง,0,estimated,ต้น,"10,500","3,550","6,750","5,200",survey,,,,,,,
376,PLTA0376,2568,A,ส,1,สะตอ,60,6,สะตอ,0,estimated,ต้น,"10,200","3,450","6,550","5,100",survey,,,,,,,
377,PLTA0377,2568,A,ส,1,สะตือ เหรียง สะเหรี่ยง,80,5,สะตือ เหรียง สะเหรี่ยง,0,estimated,ต้น,"14,950","12,050","20,550","16,150",survey,,,,,,,
378,PLTA0378,2568,A,ส,1,สะแบง เหียง,80,,สะแบง เหียง,0,estimated,ต้น,"29,750",0,"6,400","4,550",survey,,,,,,,
379,PLTA0379,2568,A,ส,1,สะมั่ง,60,,สะมั่ง,0,estimated,ต้น,"20,200",0,"4,950","3,900",survey,,,,,,,
380,PLTA0380,2568,A,ส,1,สัก,100,,ไม้สัก,3,"CN,N,NE",ต้น,"24,167",0,"13,595","7,893",survey,,,,,,,
381,PLTA0381,2568,A,ส,1,สังกรณี,30,,สังกรณี,0,estimated,ต้น,"17,250",0,"2,900","2,150",survey,,,,,,,
382,PLTA0382,2568,A,ส,1,สัตตบรรณ ตีนเป็ด,50,,สัตตบรรณ ตีนเป็ด,0,estimated,ต้น,"19,450",0,"4,800","3,750",survey,,,,,,,
383,PLTA0383,2568,A,ส,1,สาเก,60,5,สาเก,0,estimated,ต้น,"9,750","3,300","6,300","4,850",survey,,,,,,,
384,PLTA0384,2568,A,ส,1,สาคู,30,8,สาคู,0,estimated,ต้น,"7,950","3,300","5,250","3,650",survey,,,,,,,
385,PLTA0385,2568,A,ส,1,สารภี,80,,สารภี,0,estimated,ต้น,"28,950",0,"6,250","4,400",survey,,,,,,,
386,PLTA0386,2568,A,ส,1,สาละ,100,,สาละ,0,estimated,ต้น,"25,300",0,"6,300","4,950",survey,,,,,,,
387,PLTA0387,2568,A,ส,1,สาลี่,40,3,สาลี่,0,estimated,ต้น,"7,700","3,200","5,100","3,550",survey,,,,,,,
388,PLTA0388,2568,A,ส,1,สาแล สะแล,50,4,สาแล สะแล,0,estimated,ต้น,"9,400","3,150","6,050","4,650",survey,,,,,,,
389,PLTA0389,2568,A,ส,1,สิเหล็ง,50,,สิเหล็ง,0,estimated,ต้น,"18,200",0,"4,500","3,500",survey,,,,,,,
390,PLTA0390,2568,A,ส,1,สีเสียด,60,,สีเสียด,0,estimated,ต้น,"19,250",0,"4,750","3,700",survey,,,,,,,
391,PLTA0391,2568,A,ส,1,สุพรรณิการ์ ฝ้ายคำ,40,,สุพรรณิการ์ ฝ้ายคำ,0,estimated,ต้น,"18,100",0,"3,050","2,300",survey,,,,,,,
392,PLTA0392,2568,A,ส,1,เสลา,60,,เสลา,0,estimated,ต้น,"18,500",0,"4,550","3,550",survey,,,,,,,
393,PLTA0393,2568,A,ส,1,เสม็ด,60,,เสม็ด,0,estimated,ต้น,"18,900",0,"4,650","3,650",survey,,,,,,,
394,PLTA0394,2568,A,ส,1,เสี้ยว,40,,เสี้ยว,0,estimated,ต้น,"17,950",0,"3,000","2,250",survey,,,,,,,
395,PLTA0395,2568,A,ส,1,แสงจันทร์,30,,แสงจันทร์,0,estimated,ต้น,"17,850",0,"3,000","2,250",survey,,,,,,,
396,PLTA0396,2568,A,ส,1,แสม,60,,แสม,0,estimated,ไร่,"18,950",0,"4,650","3,650",survey,,,,,,,
397,PLTA0397,2568,A,ส,1,แสมสาร,60,,แสมสาร,0,estimated,ต้น,"19,900",0,"4,900","3,850",survey,,,,,,,
398,PLTA0398,2568,A,ส,1,โสก,50,,โสก,0,estimated,ต้น,"18,700",0,"4,600","3,600",survey,,,,,,,
399,PLTA0399,2568,A,ส,1,ใส้กา,50,,ใส้กา,0,estimated,ต้น,"20,700",0,"5,100","4,000",survey,,,,,,,
400,PLTA0400,2568,A,ห,1,หมาก,60,5,หมาก,1,S,ต้น,"8,500","12,000","18,000","9,545",survey,,,,,,,
401,PLTA0401,2568,A,ห,1,หมากเขียว,40,,หมากเขียว,0,estimated,กอ,"19,550",0,"3,250","2,450",survey,,,,,,,
402,PLTA0402,2568,A,ห,1,หมากเล็กหมากน้อย,40,5,หมากเล็กหมากน้อย,0,estimated,ต้น,"7,500","3,100","4,950","3,450",survey,,,,,,,
403,PLTA0403,2568,A,ห,1,หมากเหลือง,40,,หมากเหลือง,0,estimated,กอ,"17,850",0,"3,000","2,250",survey,,,,,,,
404,PLTA0404,2568,A,ห,1,หมากแดง,40,,หมากแดง,0,estimated,กอ,"18,450",0,"3,100","2,300",survey,,,,,,,
405,PLTA0405,2568,A,ห,1,หมากนวล,40,,หมากนวล,0,estimated,ต้น,"19,350",0,"3,250","2,450",survey,,,,,,,
406,PLTA0406,2568,A,ห,1,หมากนางหวาน,50,5,หมากนางหวาน,0,estimated,ต้น,"10,000","3,350","6,400","4,950",survey,,,,,,,
407,PLTA0407,2568,A,ห,1,หมากพิพวน,50,5,หมากพิพวน,0,estimated,ต้น,"10,200","3,450","6,550","5,100",survey,,,,,,,
408,PLTA0408,2568,A,ห,1,หมากยาง มะยาง,60,6,หมากยาง มะยาง,0,estimated,ต้น,"9,800","3,300","6,300","4,850",survey,,,,,,,
409,PLTA0409,2568,A,ห,1,หมากสง,50,5,หมากสง,0,estimated,ต้น,"9,950","3,350","6,400","4,950",survey,,,,,,,
410,PLTA0410,2568,A,ห,1,หมี่,50,,หมี่,0,estimated,ต้น,"18,650",0,"4,600","3,600",survey,,,,,,,
411,PLTA0411,2568,A,ห,1,หยี (นางดำ),60,7.5,หยี (นางดำ),0,estimated,ต้น,"10,100","3,400","6,500","5,050",survey,,,,,,,
412,PLTA0412,2568,A,ห,1,หว้า,60,6,หว้า,3,"CN,N,NE",ต้น,"18,167","1,000","8,132","4,531",survey,,,,,,,
413,PLTA0413,2568,A,ห,1,หวาย,30,5,หวาย,0,estimated,กอ,"7,150","2,950","4,750","3,300",survey,,,,,,,
414,PLTA0414,2568,A,ห,1,หวายเขียว,25,5,หวายเขียว,0,estimated,ต้น,"7,750","3,200","5,150","3,550",survey,,,,,,,
415,PLTA0415,2568,A,ห,1,หางนกยูง,40,,หางนกยูง,3,"CN,N,NE",ต้น,"14,667",0,"3,172","2,491",survey,,,,,,,
416,PLTA0416,2568,A,ห,1,หางนกยูงฝรั่ง,40,,หางนกยูงฝรั่ง,0,estimated,ต้น,"19,400",0,"3,250","2,450",survey,,,,,,,
417,PLTA0417,2568,A,ห,1,หูกระจง,50,,หูกระจง,0,estimated,ต้น,"18,200",0,"4,500","3,500",survey,,,,,,,
418,PLTA0418,2568,A,ห,1,หูกวาง,50,,หูกวาง,0,estimated,ต้น,"19,700",0,"4,850","3,800",survey,,,,,,,
419,PLTA0419,2568,A,ห,0,เหรียง,80,5,เหรียง,0,estimated,ต้น,"13,400","10,800","18,400","14,450",survey,,,,,,,
420,PLTA0420,2568,A,ห,1,เหลี่ยม,60,,เหลี่ยม,0,estimated,ต้น,"20,000",0,"4,950","3,850",survey,,,,,,,
421,PLTA0421,2568,A,อ,1,องุ่น,30,2,องุ่น,0,estimated,ค้าง,"7,000","2,900","4,650","3,250",survey,,,,,,,
422,PLTA0422,2568,A,อ,1,อบเชย,60,6,อบเชย,0,estimated,ต้น,"10,450","3,500","6,700","5,200",survey,,,,,,,
423,PLTA0423,2568,A,อ,1,อโศก อโศกอินเดีย,50,,อโศก อโศกอินเดีย,0,estimated,ต้น,"18,200",0,"4,500","3,500",survey,,,,,,,
424,PLTA0424,2568,A,อ,1,อ้อยช้าง,30,,อ้อยช้าง,0,estimated,ต้น,"19,700",0,"3,300","2,500",survey,,,,,,,
425,PLTA0425,2568,A,อ,1,อินทนิล,50,,อินทนิล,3,"CN,N,NE",ต้น,"31,000",0,"10,802","8,769",survey,,,,,,,
426,PLTA0426,2568,A,อ,1,อินทผาลัม,80,5,อินทผาลัม,0,estimated,ต้น,"15,000","12,100","20,650","16,200",survey,,,,,,,
427,PLTA0427,2568,A,อ,1,อินทรี,60,,อินทรี,0,estimated,ต้น,"19,600",0,"4,850","3,800",survey,,,,,,,
428,PLTA0428,2568,A,อ,1,อุมัง,50,,อุมัง,0,estimated,ต้น,"20,200",0,"5,000","3,900",survey,,,,,,,
429,PLTA0429,2568,A,อ,0,แอปเปิ้ล,40,4,แอปเปิ้ล,0,estimated,ต้น,"7,900","3,250","5,200","3,600",survey,,,,,,,
430,PLTA0430,2568,A,อ,1,แอปเปิ้ลพันธุ์ดี,40,3,แอปเปิ้ลพันธุ์ดี,0,estimated,ต้น,"8,050","3,350","5,350","3,700",survey,,,,,,,
431,PLTA0431,2568,A,อ,1,แอปเปิ้ลพันธุ์ทั่วไป,40,4,แอปเปิ้ลพันธุ์ทั่วไป,0,estimated,ต้น,"7,200","3,000","4,800","3,300",survey,,,,,,,
432,PLTA0432,2568,A,อ,1,แอปเปิ้ลสตาร์,40,3,แอปเปิ้ลสตาร์,0,estimated,ต้น,"7,650","3,150","5,050","3,500",survey,,,,,,,
433,PLTB0001,2568,B,ก,1,กระจ่างฟ้า,3,,กระจ่างฟ้า,0,estimated,ต้น,"4,500",0,"16,100","16,450",survey,,,,,,,
434,PLTB0002,2568,B,ก,1,กระเจี๊ยบเขียว,0.5,0.15,กระเจี๊ยบเขียว,1,S,ไร่,"5,200","30,000","32,000","31,245",survey,,,,,,,
435,PLTB0003,2568,B,ก,1,กระเจี๊ยบแดง,1,0.3,กระเจี๊ยบแดง,0,estimated,ไร่,"5,700","17,700","19,750","20,250",survey,,,,,,,
436,PLTB0004,2568,B,ก,1,กระชาย,1,0.7,กระชาย,0,estimated,ไร่,"5,300","16,450","18,400","18,850",survey,,,,,,,
437,PLTB0005,2568,B,ก,1,กระเทียม,0.7,0.3,กระเทียม,3,"CN,N,NE",ไร่,"6,400","17,667","31,568","32,356",survey,,,,,,,
438,PLTB0006,2568,B,ก,1,กระเทียมเถา,2,0.75,กระเทียมเถา,0,estimated,ต้น,"5,650","17,550","19,600","20,100",survey,,,,,,,
439,PLTB0007,2568,B,ก,1,กระเพรา โหระพา แมงลัก สาระแหน่,1,0.15,กะเพรา,4,"CN,N,NE,S",ไร่,"3,400","17,125","33,516","37,458",survey,,,,,,,
440,PLTB0008,2568,B,ก,0,กล้วย,5,1,กล้วย,0,estimated,ต้น,"4,400","12,100","17,650","18,100",survey,,,,,,,
441,PLTB0009,2568,B,ก,1,กล้วยก้ามปู (ก้ามกุ้ง เฮลิโคเนีย),5,,กล้วยก้ามปู (ก้ามกุ้ง เฮลิโคเนีย),0,estimated,ต้น,"4,800",0,"17,150","17,500",survey,,,,,,,
442,PLTB0010,2568,B,ก,0,กล้วยไข่,5,0.83,กล้วยไข่,0,estimated,ต้น,"4,400","12,000","17,500","17,950",survey,,,,,,,
443,PLTB0011,2568,B,ก,0,กล้วยหอม,5,0.9,กล้วยหอม,0,estimated,ต้น,"4,550","12,450","18,200","18,650",survey,,,,,,,
444,PLTB0012,2568,B,ก,1,"กวนอิมเงิน , กวักอิมทอง",5,,"กวนอิมเงิน , กวักอิมทอง",0,estimated,ต้น,"5,050",0,"18,050","18,450",survey,,,,,,,
445,PLTB0013,2568,B,ก,1,กะสัง,1,,กะสัง,0,estimated,ต้น,"4,850",0,"17,200","17,550",survey,,,,,,,
446,PLTB0014,2568,B,ก,1,กันภัย (ถั่วแปบช้าง),2,0.5,กันภัย (ถั่วแปบช้าง),0,estimated,ต้น,"5,700","17,650","19,700","20,200",survey,,,,,,,
447,PLTB0015,2568,B,ก,1,กุหลาบ,5,,กุหลาบ,0,estimated,ต้น,"5,150",0,"18,400","18,800",survey,,,,,,,
448,PLTB0016,2568,B,ก,1,เกล็ดแก้ว,3,,เกล็ดแก้ว,0,estimated,ต้น,"4,550",0,"16,200","16,500",survey,,,,,,,
449,PLTB0017,2568,B,ก,1,แก้วมังกร (จ่ายพร้อมหลักซีเมนต์),20,2,แก้วมังกร / แก้วมังกรเนื้อแดง,1,N,ต้น,"5,500","3,500","3,865","2,842",survey,,,,,,,
450,PLTB0018,2568,B,ก,1,แก้วหน้าม้า,5,,แก้วหน้าม้า,0,estimated,ต้น,"4,550",0,"16,150","16,500",survey,,,,,,,
451,PLTB0019,2568,B,ก,1,โกสน,10,,โกสน,0,estimated,ต้น,"4,500",0,"16,100","16,400",survey,,,,,,,
452,PLTB0020,2568,B,ข,1,ขมิ้น,1,0.8,ขมิ้น / ขมิ้นชัน,3,"CN,N,NE",ไร่,"7,600","20,834","27,904","25,427",survey,,,,,,,
453,PLTB0021,2568,B,ข,1,ข่า,5,1,ข่า,4,"CN,N,NE,S",ไร่,"6,225","17,375","27,880","28,780",survey,,,,,,,
454,PLTB0022,2568,B,ข,1,ขาไก่,5,,ขาไก่,0,estimated,ต้น,"4,950",0,"17,650","18,050",survey,,,,,,,
455,PLTB0023,2568,B,ข,1,ข้าวเจ้า,0.4,0.3,ข้าวเจ้า,2,"CN,NE",ไร่,"3,900","9,750","11,750","13,255",survey,,,,,,,
456,PLTB0024,2568,B,ข,1,ข้าวโพด,0.4,0.25,ข้าวโพด / ข้าวโพดข้าวเหนียว / ข้าวโพดเลี้ยงสัตว์,3,"CN,N,NE",ไร่,"3,633","9,042","11,177","10,128",survey,,,,,,,
457,PLTB0025,2568,B,ข,1,ข้าวโพดหวาน,0.3,0.2,ข้าวโพดหวาน,0,estimated,ไร่,"3,950","12,950","15,900","16,250",survey,,,,,,,
458,PLTB0026,2568,B,ข,1,ข้าวฟ่าง,0.5,0.3,ข้าวฟ่าง,3,"CN,N,NE",ไร่,"3,433","8,333","7,993","6,335",survey,,,,,,,
459,PLTB0027,2568,B,ข,1,ข้าวเหนียว,0.4,0.3,ข้าวเหนียว,0,estimated,ไร่,"4,200","13,700","16,800","17,150",survey,,,,,,,
460,PLTB0028,2568,B,ข,1,ขิง,1,0.8,ขิง,4,"CN,N,NE,S",ไร่,"8,425","22,500","29,946","26,568",survey,,,,,,,
461,PLTB0029,2568,B,ข,1,ขิงแดง,3,,ขิงแดง,0,estimated,ต้น,"4,950",0,"17,700","18,050",survey,,,,,,,
462,PLTB0030,2568,B,ข,1,เข็ม,10,,เข็ม,0,estimated,ต้น,"4,700",0,"16,750","17,100",survey,,,,,,,
463,PLTB0031,2568,B,ค,1,คันทรง,5,,คันทรง,0,estimated,ต้น,"5,150",0,"18,350","18,700",survey,,,,,,,
464,PLTB0032,2568,B,ค,0,ค่าหลวง,10,,ค่าหลวง,0,estimated,ต้น,"5,050",0,"17,950","18,300",survey,,,,,,,
465,PLTB0033,2568,B,ค,1,แคนตาลูป,0.3,0.2,แคนตาลูป,0,estimated,ไร่,"3,850","12,650","15,500","15,850",survey,,,,,,,
466,PLTB0034,2568,B,ง,1,งา,0.3,0.3,งา,4,"CN,N,NE,S",ไร่,"2,225","5,625","6,680","5,080",survey,,,,,,,
467,PLTB0035,2568,B,ง,1,งาช้าง,10,,งาช้าง,0,estimated,ต้น,"4,750",0,"16,850","17,200",survey,,,,,,,
468,PLTB0036,2568,B,ง,1,เงินเต็มบ้าน,5,,เงินเต็มบ้าน,0,estimated,ต้น,"4,700",0,"16,700","17,050",survey,,,,,,,
469,PLTB0037,2568,B,ฉ,1,ฉัตรพระอินทร์ เทียนป่า เสกกษัตริย์ จ่อฟ้า นางอั้วโคก,3,,ฉัตรพระอินทร์ เทียนป่า เสกกษัตริย์ จ่อฟ้า นางอั้วโคก,0,estimated,ต้น,"4,550",0,"16,300","16,600",survey,,,,,,,
470,PLTB0038,2568,B,ช,1,ชมนาด,10,,ชมนาด,0,estimated,ต้น,"4,550",0,"16,250","16,600",survey,,,,,,,
471,PLTB0039,2568,B,ช,1,ชมพูนาค,10,,ชมพูนาค,0,estimated,ต้น,"5,150",0,"18,450","18,800",survey,,,,,,,
472,PLTB0040,2568,B,ช,1,ชวนชม,10,,ชวนชม,0,estimated,ต้น,"4,800",0,"17,050","17,400",survey,,,,,,,
473,PLTB0041,2568,B,ช,1,ช้องนาง,3,,ช้องนาง,0,estimated,ต้น,"4,750",0,"16,900","17,250",survey,,,,,,,
474,PLTB0042,2568,B,ช,1,ช่ออินทนิล,10,,ช่ออินทนิล,0,estimated,ต้น,"5,000",0,"17,850","18,250",survey,,,,,,,
475,PLTB0043,2568,B,ซ,1,ซองออฟจาไมก้า (อินเดีย),5,,ซองออฟจาไมก้า (อินเดีย),0,estimated,ต้น,"4,900",0,"17,350","17,750",survey,,,,,,,
476,PLTB0044,2568,B,ด,1,ดีปลี,5,2,ดีปลี,0,estimated,ค้าง,"4,650","12,750","18,650","19,150",survey,,,,,,,
477,PLTB0045,2568,B,ต,1,ต้นหญ้า (ชาย),1,,ต้นหญ้า (ชาย),0,estimated,ตร.ม,"5,050",0,"18,000","18,350",survey,,,,,,,
478,PLTB0046,2568,B,ต,1,ต้นหญ้า (ประดับ),2,,ต้นหญ้า (ประดับ),0,estimated,ตร.ม,"4,800",0,"17,150","17,550",survey,,,,,,,
479,PLTB0047,2568,B,ต,1,ต้นหอม,0.3,0.12,ต้นหอม,0,estimated,ไร่,"3,950","12,850","15,800","16,100",survey,,,,,,,
480,PLTB0048,2568,B,ต,1,ต้นหอมหัวใหญ่,0.5,0.3,ต้นหอมหัวใหญ่,0,estimated,ไร่,"4,350","14,150","17,350","17,750",survey,,,,,,,
481,PLTB0049,2568,B,ต,1,ต้อยติ่งเทศ ต้อยติ่งน้ำ,2,,ต้อยติ่งเทศ ต้อยติ่งน้ำ,0,estimated,ต้น,"5,000",0,"17,850","18,200",survey,,,,,,,
482,PLTB0050,2568,B,ต,1,ตะไคร้,3,0.5,ตะไคร้หอม / ตะไคร้แกง,4,"CN,N,NE,S",ไร่,"3,588","9,375","14,236","19,642",survey,,,,,,,
483,PLTB0051,2568,B,ต,1,ตะบองเพชร,20,,ตะบองเพชร,0,estimated,ต้น,"5,200",0,"18,450","18,850",survey,,,,,,,
484,PLTB0052,2568,B,ต,1,ตีนตุ๊กแก (พันธุ์ไม้เลื้อย),10,,ตีนตุ๊กแก (พันธุ์ไม้เลื้อย),0,estimated,ต้น,"4,550",0,"16,200","16,500",survey,,,,,,,
485,PLTB0053,2568,B,ต,1,เตย เตยหอม,10,,เตย เตยหอม,0,estimated,ต้น,"5,100",0,"18,200","18,550",survey,,,,,,,
486,PLTB0054,2568,B,ต,1,เตยด่าง,10,,เตยด่าง,0,estimated,ต้น,"4,950",0,"17,600","17,950",survey,,,,,,,
487,PLTB0055,2568,B,ต,1,เตยหนาม,10,,เตยหนาม,0,estimated,ต้น,"4,550",0,"16,200","16,500",survey,,,,,,,
488,PLTB0056,2568,B,ต,1,แตงกวา แตงร้าน,0.3,0.1,แตงกวา / ฟักเขียว,4,"CN,N,NE,S",ไร่,"3,800","13,062","14,091","14,447",survey,,,,,,,
489,PLTB0057,2568,B,ต,1,แตงกวาฝรั่ง,0.3,0.15,แตงกวาฝรั่ง,0,estimated,ต้น,"4,100","13,300","16,350","16,700",survey,,,,,,,
490,PLTB0058,2568,B,ต,1,แตงโม,0.3,0.2,แตงโม / ฟักทอง,4,"CN,N,NE,S",ไร่,"4,625","18,250","23,862","24,294",survey,,,,,,,
491,PLTB0059,2568,B,ถ,1,ถั่ว,0.4,0.2,ถั่ว,0,estimated,ไร่,"4,150","13,500","16,600","16,950",survey,,,,,,,
492,PLTB0060,2568,B,ถ,1,ถั่วเขียวผิวดำ,0.3,0.25,ถั่วเขียวผิวดำ,0,estimated,ไร่,"3,700","12,100","14,850","15,150",survey,,,,,,,
493,PLTB0061,2568,B,ถ,1,ถั่วแขก,0.3,0.15,ถั่วแขก,0,estimated,ไร่,"4,000","13,050","16,000","16,350",survey,,,,,,,
494,PLTB0062,2568,B,ถ,1,ถั่วแดง ถั่วดำ ถั่วเขียว,0.3,0.2,ถั่วเขียว,1,S,ไร่,"2,800","7,500","9,000","6,075",survey,,,,,,,
495,PLTB0063,2568,B,ถ,1,ถั่วฝักยาว,0.4,0.15,ถั่วฝักยาว,3,"CN,NE,S",ไร่,"4,367","17,500","18,333","22,433",survey,,,,,,,
496,PLTB0064,2568,B,ถ,1,ถั่วลันเตา,0.4,0.2,ถั่วลันเตา,0,estimated,ไร่,"4,250","13,800","16,950","17,300",survey,,,,,,,
497,PLTB0065,2568,B,ถ,1,ถั่วสิสง,0.4,0.3,ถั่วลิสง,4,"CN,N,NE,S",ไร่,"3,000","8,000","9,115","6,672",survey,,,,,,,
498,PLTB0066,2568,B,ถ,1,ถั่วเหลือง,0.4,0.3,ถั่วเหลือง,3,"CN,N,NE",ไร่,"2,467","7,167","9,940","9,430",survey,,,,,,,
499,PLTB0067,2568,B,ถ,1,ถั่วแระ,1,0.25,ถั่วแระ,0,estimated,ไร่,"5,450","16,800","18,750","19,250",survey,,,,,,,
500,PLTB0068,2568,B,ท,1,ทานตะวัน,0.5,0.3,ทานตะวัน,0,estimated,ไร่,"4,000","13,050","16,000","16,350",survey,,,,,,,
501,PLTB0069,2568,B,ท,1,ทองพันช่าง,5,,ทองพันช่าง,0,estimated,ต้น,"4,800",0,"17,050","17,400",survey,,,,,,,
502,PLTB0070,2568,B,น,1,นาบัว,5,0.375,นาบัว,0,estimated,ไร่,"4,200","11,550","16,900","17,300",survey,,,,,,,
503,PLTB0071,2568,B,น,1,นีออน,5,,นีออน,0,estimated,ต้น,"5,150",0,"18,400","18,750",survey,,,,,,,
504,PLTB0072,2568,B,บ,1,บวบ,0.5,0.2,บวบ / บวบหอม,1,S,ไร่,"5,350","19,000","21,000","21,425",survey,,,,,,,
505,PLTB0073,2568,B,บ,1,บัลลังค์ทอง เงิน,5,,บัลลังค์ทอง เงิน,0,estimated,ต้น,"5,050",0,"18,000","18,400",survey,,,,,,,
506,PLTB0074,2568,B,ป,1,ปอ ปอแก้ว ปอกระสา,1,0.5,ปอ ปอแก้ว ปอกระสา,0,estimated,ไร่,"5,250","16,300","18,200","18,650",survey,,,,,,,
507,PLTB0075,2568,B,ป,1,ปาล์มเหลี่ยม,30,,ปาล์มเหลี่ยม,0,estimated,ต้น,"5,200",0,"18,600","19,000",survey,,,,,,,
508,PLTB0076,2568,B,ผ,1,ผักกวางตุ้ง,0.2,0.1,ผักกวางตุ้ง,0,estimated,ไร่,"4,250","13,950","17,100","17,450",survey,,,,,,,
509,PLTB0077,2568,B,ผ,1,ผักกาดขาว,0.3,0.15,ผักกาดขาว / กะหล่ำปลี / กะหล่ำดอก,3,"CN,N,NE",ไร่,"4,000","13,500","14,830","15,510",survey,,,,,,,
510,PLTB0078,2568,B,ผ,1,ผักกาดเขียว,0.3,0.15,ผักกาดเขียว,0,estimated,ไร่,"3,900","12,700","15,550","15,900",survey,,,,,,,
511,PLTB0079,2568,B,ผ,1,ผักคะน้า,0.2,0.15,ผักคะน้า,0,estimated,ไร่,"4,250","13,850","16,950","17,350",survey,,,,,,,
512,PLTB0080,2568,B,ผ,1,ผักบุ้ง,0.2,0.08,ผักบุ้ง,4,"CN,N,NE,S",ไร่,"1,662","6,000","22,665","34,552",survey,,,,,,,
513,PLTB0081,2568,B,ผ,1,ผักเอียด,1,0.155,ผักกูด,1,S,ต้น,"4,500","15,000","15,000","15,000",survey,,,,,,,
514,PLTB0082,2568,B,ผ,1,เผือก,1,0.67,บุก,3,"CN,N,NE",ไร่,"6,400","17,667","20,500","20,020",survey,,,,,,,
515,PLTB0083,2568,B,ฝ,1,ฝ้าย,1,0.5,ฝ้าย,3,"CN,N,NE",ไร่,"4,133","11,833","11,825","8,238",survey,,,,,,,
516,PLTB0084,2568,B,พ,1,พญากาสัก เขืองหูช้าง เขืองหูม้า ตองสาก ตาลปัตรฤาษี,10,,พญากาสัก เขืองหูช้าง เขืองหูม้า ตองสาก ตาลปัตรฤาษี,0,estimated,ต้น,"4,550",0,"16,150","16,500",survey,,,,,,,
517,PLTB0085,2568,B,พ,1,พริก,2,0.3,พริก / พริกขี้หนูป่า,4,"CN,N,NE,S",ไร่,"5,812","21,000","30,196","36,953",survey,,,,,,,
518,PLTB0086,2568,B,พ,1,พลับพลึง,5,,พลับพลึง,0,estimated,ต้น,"5,200",0,"18,600","19,000",survey,,,,,,,
519,PLTB0087,2568,B,พ,1,พลู,5,1,ชะพลู,1,N,ค้าง,"2,500","6,500","7,000","7,000",survey,,,,,,,
520,PLTB0088,2568,B,พ,1,พวงแก้ว,5,,พวงแก้ว,0,estimated,ต้น,"4,950",0,"17,700","18,050",survey,,,,,,,
521,PLTB0089,2568,B,พ,1,พวงโกเมน,5,,พวงโกเมน,0,estimated,ต้น,"4,950",0,"17,650","18,000",survey,,,,,,,
522,PLTB0090,2568,B,พ,1,พวงคราม,5,,พวงคราม,0,estimated,ต้น,"4,500",0,"16,100","16,450",survey,,,,,,,
523,PLTB0091,2568,B,พ,1,พวงชมพู,5,,พวงชมพู,0,estimated,ต้น,"5,150",0,"18,300","18,700",survey,,,,,,,
524,PLTB0092,2568,B,พ,1,พวงแสด,5,,พวงแสด,0,estimated,ต้น,"4,450",0,"15,950","16,250",survey,,,,,,,
525,PLTB0093,2568,B,พ,1,พวงหยก,5,,พวงหยก,0,estimated,ต้น,"4,650",0,"16,500","16,850",survey,,,,,,,
526,PLTB0094,2568,B,พ,1,พุทธรักษา,5,,พุทธรักษา,0,estimated,ต้น,"4,550",0,"16,250","16,600",survey,,,,,,,
527,PLTB0095,2568,B,พ,1,พู่นายพล,5,,พู่นายพล,0,estimated,ต้น,"5,050",0,"18,000","18,350",survey,,,,,,,
528,PLTB0096,2568,B,พ,1,เพชรชมพู เพชรน้ำหนึ่ง,5,,เพชรชมพู เพชรน้ำหนึ่ง,0,estimated,ต้น,"4,600",0,"16,400","16,750",survey,,,,,,,
529,PLTB0097,2568,B,พ,1,แพรหวย,3,,แพรหวย,0,estimated,ต้น,"5,150",0,"18,350","18,750",survey,,,,,,,
530,PLTB0098,2568,B,พ,1,ไพล,2,1,ไพล,0,estimated,กอ,"5,750","17,800","19,900","20,400",survey,,,,,,,
531,PLTB0099,2568,B,ฟ,1,เฟิร์นข้าหลวง ค่าหลวง,5,,เฟิร์นข้าหลวง ค่าหลวง,0,estimated,ต้น,"4,500",0,"15,950","16,300",survey,,,,,,,
532,PLTB0100,2568,B,ม,1,มณฑา มณฑาทิพย์,20,,มณฑา มณฑาทิพย์,0,estimated,ต้น,"4,450",0,"15,850","16,200",survey,,,,,,,
533,PLTB0101,2568,B,ม,1,มะเขือ,1,0.25,มะเขือ,1,S,ไร่,"4,800","25,000","27,000","26,000",survey,,,,,,,
534,PLTB0102,2568,B,ม,1,มะเขือเทศ,1,0.25,มะเขือเทศ,4,"CN,N,NE",ไร่,"4,400","12,250","22,745","24,780",survey,,,,,,,
535,PLTB0103,2568,B,ม,1,มะระ,1,0.2,มะระ,0,estimated,ไร่,"5,200","16,100","18,000","18,450",survey,,,,,,,
536,PLTB0104,2568,B,ม,1,มะแว้ง,2,0.4,มะเขือพวง,1,S,เถา,"3,500","15,000","17,000","17,000",survey,,,,,,,
537,PLTB0105,2568,B,ม,1,มันแกว,1,0.6,มันแกว,0,estimated,ไร่,"5,700","17,650","19,750","20,200",survey,,,,,,,
538,PLTB0106,2568,B,ม,1,มันเทศ,0.5,0.4,มันฝรั่ง,3,"CN,N,NE",ไร่,"7,700","24,333","28,667","25,852",survey,,,,,,,
539,PLTB0107,2568,B,ม,1,มันสำปะหลัง,1.5,1,มันสำปะหลัง,3,"CN,NE,S",ไร่,"4,333","9,500","12,833","11,540",survey,,,,,,,
540,PLTB0108,2568,B,ม,1,มินท์,2,0.16,มินท์,0,estimated,ไร่,"5,900","18,200","20,350","20,850",survey,,,,,,,
541,PLTB0109,2568,B,ม,1,โมก (ไม้ประดับ),10,,โมก (ไม้ประดับ),0,estimated,ต้น,"4,650",0,"16,500","16,850",survey,,,,,,,
542,PLTB0110,2568,B,ย,1,ยาสูบพันธุ์เตอร์กิช เบอร์เลย์และเวอร์จิเนีย,1,0.275,ยาสูบ,1,N,ไร่,"5,500","15,000","8,760","7,300",survey,,,,,,,
543,PLTB0111,2568,B,ย,1,ยาสูบพันธุ์พื้นเมือง,1,0.275,ยาสูบพื้นเมือง,2,"CN,NE",ไร่,"5,350","14,500","17,500","11,670",survey,,,,,,,
544,PLTB0112,2568,B,ย,1,เยอบิร่า,3,,เยอบิร่า,0,estimated,ต้น,"5,100",0,"18,200","18,550",survey,,,,,,,
545,PLTB0113,2568,B,ย,1,แยงแย้ แหย่แย้,5,,แยงแย้ แหย่แย้,0,estimated,ต้น,"4,500",0,"16,000","16,350",survey,,,,,,,
546,PLTB0114,2568,B,ย,1,ยี่สุ่น,5,,ยี่สุ่น,0,estimated,ต้น,"5,050",0,"18,050","18,450",survey,,,,,,,
547,PLTB0115,2568,B,ร,1,รสสุคนธ์,10,,รสสุคนธ์,0,estimated,ต้น,"5,150",0,"18,400","18,800",survey,,,,,,,
548,PLTB0116,2568,B,ร,1,รัก,10,,รัก,0,estimated,ต้น,"5,050",0,"18,000","18,350",survey,,,,,,,
549,PLTB0117,2568,B,ร,1,รางเงิน ว่านรางเงิน,5,,รางเงิน ว่านรางเงิน,0,estimated,ต้น,"5,000",0,"17,750","18,150",survey,,,,,,,
550,PLTB0118,2568,B,ล,1,ละหุ่ง (มะโห่ง),3,0.5,ละหุ่ง (มะโห่ง),0,estimated,ต้น,"5,900","18,300","20,450","20,950",survey,,,,,,,
551,PLTB0119,2568,B,ล,1,ลัดดาวัลย์ ลดาวัลย์,10,,ลัดดาวัลย์ ลดาวัลย์,0,estimated,ต้น,"4,500",0,"15,950","16,300",survey,,,,,,,
552,PLTB0120,2568,B,ล,1,ลิ้นมังกร,10,,ลิ้นมังกร,0,estimated,ต้น,"4,600",0,"16,400","16,750",survey,,,,,,,
553,PLTB0121,2568,B,ล,1,เล็บครุฑ,10,,เล็บครุฑ,0,estimated,ต้น,"4,550",0,"16,200","16,550",survey,,,,,,,
554,PLTB0122,2568,B,ล,1,เล็บมือนาง,10,,เล็บมือนาง,0,estimated,ต้น,"4,850",0,"17,250","17,600",survey,,,,,,,
555,PLTB0123,2568,B,ว,1,ว่านหางจระเข้,10,,ว่านหางจระเข้,0,estimated,ไร่,"5,050",0,"17,900","18,250",survey,,,,,,,
556,PLTB0124,2568,B,ศ,1,เศรษฐีแวนสัน,5,,เศรษฐีแวนสัน,0,estimated,ต้น,"4,950",0,"17,600","17,950",survey,,,,,,,
557,PLTB0125,2568,B,ส,1,สตอว์เบอร์รี่,3,0.3,สตรอเบอรี่,1,N,ต้น,"15,000","45,000",90,75,survey,,,,,,,
558,PLTB0126,2568,B,ส,1,สนสาหร่าย สนสาหร่ายทอง,10,,สนสาหร่าย สนสาหร่ายทอง,0,estimated,ต้น,"5,100",0,"18,200","18,550",survey,,,,,,,
559,PLTB0127,2568,B,ส,1,สร้อยอินทนิน,10,,สร้อยอินทนิน,0,estimated,ต้น,"4,550",0,"16,300","16,600",survey,,,,,,,
560,PLTB0128,2568,B,ส,0,สังกรณี,5,,สังกรณี,0,estimated,ต้น,"5,000",0,"17,850","18,250",survey,,,,,,,
561,PLTB0129,2568,B,ส,1,สับปะรด,3,1.5,สับปะรด / สับปะรดภูแล,1,N,ไร่,"1,800","2,200","2,365","2,092",survey,,,,,,,
562,PLTB0130,2568,B,ส,1,สายนํ้าผึ้ง รวงผึ้ง,10,,สายนํ้าผึ้ง รวงผึ้ง,0,estimated,ต้น,"4,600",0,"16,400","16,700",survey,,,,,,,
563,PLTB0131,2568,B,ส,1,สายหยุด,10,,สายหยุด,0,estimated,ต้น,"4,650",0,"16,600","16,950",survey,,,,,,,
564,PLTB0132,2568,B,ส,1,สาริกาลิ้นทอง,5,,สาริกาลิ้นทอง,0,estimated,ต้น,"5,000",0,"17,800","18,150",survey,,,,,,,
565,PLTB0133,2568,B,ส,1,สาวน้อยประแป้ง,5,,สาวน้อยประแป้ง,0,estimated,ต้น,"5,200",0,"18,550","18,950",survey,,,,,,,
566,PLTB0134,2568,B,ส,1,สี่ทิศ,5,,สี่ทิศ,0,estimated,ต้น,"4,900",0,"17,550","17,900",survey,,,,,,,
567,PLTB0135,2568,B,ส,1,เสน่ห์จันทแดง ขาว เขียว,5,,เสน่ห์จันทแดง ขาว เขียว,0,estimated,ต้น,"4,500",0,"16,000","16,350",survey,,,,,,,
568,PLTB0136,2568,B,ส,1,เสาวรส,5,1,เสาวรส,0,estimated,ค้าง,"4,450","12,150","17,750","18,200",survey,,,,,,,
569,PLTB0137,2568,B,ห,1,หญ้าแทงโคล่า,5,,หญ้าแทงโคล่า,0,estimated,ตร.ม,"4,500",0,"15,950","16,300",survey,,,,,,,
570,PLTB0138,2568,B,ห,1,หญ้ารูซี่,3,,หญ้ารูซี่,0,estimated,ตร.ม,"5,150",0,"18,300","18,650",survey,,,,,,,
571,PLTB0139,2568,B,ห,1,หนวดปลาหมึก,5,,หนวดปลาหมึก,0,estimated,ต้น,"5,000",0,"17,800","18,150",survey,,,,,,,
572,PLTB0140,2568,B,ห,1,หนวดแมว พยับเมฆ อีตู่ดง บางรักป่า,3,,หนวดแมว พยับเมฆ อีตู่ดง บางรักป่า,0,estimated,ต้น,"4,600",0,"16,350","16,650",survey,,,,,,,
573,PLTB0141,2568,B,ห,1,หน่อไม้ฝรั่ง,10,1,หน่อไม้ฝรั่ง,0,estimated,ไร่,"4,500","13,700","16,100","16,450",survey,,,,,,,
574,PLTB0142,2568,B,ห,1,หน้าวัว,5,,หน้าวัว,0,estimated,ต้น,"4,600",0,"16,350","16,700",survey,,,,,,,
575,PLTB0143,2568,B,ห,1,หนุมานประสานกาย,5,,หนุมานประสานกาย,0,estimated,ต้น,"5,200",0,"18,550","18,950",survey,,,,,,,
576,PLTB0144,2568,B,ห,1,หม่อน,20,1,หม่อน / หม่อนผล,1,N,ไร่,"5,900","12,100","14,868","14,472",survey,,,,,,,
577,PLTB0145,2568,B,ห,1,หม่อนพันธุ์เกษตร,20,1,หม่อนไหม,1,NE,ไร่,"4,800","13,000","13,500","13,995",survey,,,,,,,
578,PLTB0146,2568,B,ห,1,หม่อนพันธุ์พื้นเมือง,20,2,หม่อนพันธุ์พื้นเมือง,0,estimated,ไร่,"5,350","9,450","10,650","10,350",survey,,,,,,,
579,PLTB0147,2568,B,ห,1,หลิวไต้หวัน,15,,หลิวไต้หวัน,0,estimated,ต้น,"5,050",0,"18,000","18,400",survey,,,,,,,
580,PLTB0148,2568,B,ห,1,หวายเขียว,20,,หวายเขียว,0,estimated,ต้น,"4,950",0,"17,600","17,950",survey,,,,,,,
581,PLTB0149,2568,B,ห,1,หัวหอมเล็ก,0.3,0.25,หอมแดง,3,"CN,N,NE",ไร่,"4,133","11,833","10,357","10,153",survey,,,,,,,
582,PLTB0150,2568,B,ห,1,หัวหอมใหญ่,0.5,0.3,หอม,3,"CN,N,NE",ไร่,"3,700","9,833","6,857","6,802",survey,,,,,,,
583,PLTB0151,2568,B,อ,1,ออมทอง เงิน นาค เพชร,5,,ออมทอง เงิน นาค เพชร,0,estimated,ต้น,"4,900",0,"17,450","17,800",survey,,,,,,,
584,PLTB0152,2568,B,อ,1,อ้อยพันธุ์น้ำตาล,1,1,อ้อย,3,"CN,N,NE",ไร่,"5,933","18,667","33,888","36,499",survey,,,,,,,
585,PLTB0153,2568,B,อ,1,อ้อยกิน,1,0.83,อ้อยคั้นน้ำ,1,S,กอ,"6,500","20,000","24,000","31,555",survey,,,,,,,
586,PLTB0154,2568,B,อ,1,อากาเว่,20,,อากาเว่,0,estimated,ต้น,"4,550",0,"16,250","16,600",survey,,,,,,,
,,,,,,,,,,,,,,,,,,,,,,,,
,,,,,,,,,,,,,,,,,,,,,,,,
,,,,,,,,,,,,,,,,,,,,,,,,
,,,,,,,,,,,,,,,,,,,,,,,,
,,,,,,,,,,,,,,,,,,,,,,,,
,,,,,,,,,,,,,,,,,,,,,,,,
,,,,,,,,,,,,,,,,,,,,,,,,
,,,,,,,,,,,,,,,,,,,,,,,,
,,,,,,,,,,,,,,,,,,,,,,,,
,,,,,,,,,,,,,,,,,,,,,,,,
,,,,,,,,,,,,,,,,,,,,,,,,
,,,,,,,,,,,,,,,,,,,,,,,,
,,,,,,,,,,,,,,,,,,,,,,,,
,,,,,,,,,,,,,,,,,,,,,,,,
,,,,,,,,,,,,,,,,,,,,,,,,
,,,,,,,,,,,,,,,,,,,,,,,,
,,,,,,,,,,,,,,,,,,,,,,,,
,,,,,,,,,,,,,,,,,,,,,,,,
,,,,,,,,,,,,,,,,,,,,,,,,
,,,,,,,,,,,,,,,,,,,,,,,,
,,,,,,,,,,,,,,,,,,,,,,,,
,,,,,,,,,,,,,,,,,,,,,,,,
,,,,,,,,,,,,,,,,,,,,,,,,
,,,,,,,,,,,,,,,,,,,,,,,,
,,,,,,,,,,,,,,,,,,,,,,,,
,,,,,,,,,,,,,,,,,,,,,,,,
,,,,,,,,,,,,,,,,,,,,,,,,
,,,,,,,,,,,,,,,,,,,,,,,,
,,,,,,,,,,,,,,,,,,,,,,,,
,,,,,,,,,,,,,,,,,,,,,,,,
,,,,,,,,,,,,,,,,,,,,,,,,
,,,,,,,,,,,,,,,,,,,,,,,,
,,,,,,,,,,,,,,,,,,,,,,,,
,,,,,,,,,,,,,,,,,,,,,,,,
,,,,,,,,,,,,,,,,,,,,,,,,
,,,,,,,,,,,,,,,,,,,,,,,,
,,,,,,,,,,,,,,,,,,,,,,,,
,,,,,,,,,,,,,,,,,,,,,,,,
,,,,,,,,,,,,,,,,,,,,,,,,
,,,,,,,,,,,,,,,,,,,,,,,,
,,,,,,,,,,,,,,,,,,,,,,,,
,,,,,,,,,,,,,,,,,,,,,,,,
,,,,,,,,,,,,,,,,,,,,,,,,
,,,,,,,,,,,,,,,,,,,,,,,,
,,,,,,,,,,,,,,,,,,,,,,,,
,,,,,,,,,,,,,,,,,,,,,,,,
,,,,,,,,,,,,,,,,,,,,,,,,
,,,,,,,,,,,,,,,,,,,,,,,,
,,,,,,,,,,,,,,,,,,,,,,,,
,,,,,,,,,,,,,,,,,,,,,,,,
,,,,,,,,,,,,,,,,,,,,,,,,
,,,,,,,,,,,,,,,,,,,,,,,,
,,,,,,,,,,,,,,,,,,,,,,,,
,,,,,,,,,,,,,,,,,,,,,,,,
,,,,,,,,,,,,,,,,,,,,,,,,
,,,,,,,,,,,,,,,,,,,,,,,,
,,,,,,,,,,,,,,,,,,,,,,,,
,,,,,,,,,,,,,,,,,,,,,,,,
,,,,,,,,,,,,,,,,,,,,,,,,
,,,,,,,,,,,,,,,,,,,,,,,,
,,,,,,,,,,,,,,,,,,,,,,,,
,,,,,,,,,,,,,,,,,,,,,,,,
,,,,,,,,,,,,,,,,,,,,,,,,
,,,,,,,,,,,,,,,,,,,,,,,,
,,,,,,,,,,,,,,,,,,,,,,,,
,,,,,,,,,,,,,,,,,,,,,,,,
,,,,,,,,,,,,,,,,,,,,,,,,
,,,,,,,,,,,,,,,,,,,,,,,,
,,,,,,,,,,,,,,,,,,,,,,,,
,,,,,,,,,,,,,,,,,,,,,,,,
,,,,,,,,,,,,,,,,,,,,,,,,
,,,,,,,,,,,,,,,,,,,,,,,,
,,,,,,,,,,,,,,,,,,,,,,,,
,,,,,,,,,,,,,,,,,,,,,,,,
,,,,,,,,,,,,,,,,,,,,,,,,
,,,,,,,,,,,,,,,,,,,,,,,,
,,,,,,,,,,,,,,,,,,,,,,,,
,,,,,,,,,,,,,,,,,,,,,,,,
,,,,,,,,,,,,,,,,,,,,,,,,
,,,,,,,,,,,,,,,,,,,,,,,,
,,,,,,,,,,,,,,,,,,,,,,,,
,,,,,,,,,,,,,,,,,,,,,,,,
,,,,,,,,,,,,,,,,,,,,,,,,
,,,,,,,,,,,,,,,,,,,,,,,,
,,,,,,,,,,,,,,,,,,,,,,,,
,,,,,,,,,,,,,,,,,,,,,,,,
,,,,,,,,,,,,,,,,,,,,,,,,
,,,,,,,,,,,,,,,,,,,,,,,,
,,,,,,,,,,,,,,,,,,,,,,,,
,,,,,,,,,,,,,,,,,,,,,,,,
,,,,,,,,,,,,,,,,,,,,,,,,
,,,,,,,,,,,,,,,,,,,,,,,,
,,,,,,,,,,,,,,,,,,,,,,,,
,,,,,,,,,,,,,,,,,,,,,,,,
,,,,,,,,,,,,,,,,,,,,,,,,
,,,,,,,,,,,,,,,,,,,,,,,,
,,,,,,,,,,,,,,,,,,,,,,,,
,,,,,,,,,,,,,,,,,,,,,,,,
,,,,,,,,,,,,,,,,,,,,,,,,
,,,,,,,,,,,,,,,,,,,,,,,,
,,,,,,,,,,,,,,,,,,,,,,,,
,,,,,,,,,,,,,,,,,,,,,,,,
,,,,,,,,,,,,,,,,,,,,,,,,
,,,,,,,,,,,,,,,,,,,,,,,,
,,,,,,,,,,,,,,,,,,,,,,,,
,,,,,,,,,,,,,,,,,,,,,,,,
,,,,,,,,,,,,,,,,,,,,,,,,
,,,,,,,,,,,,,,,,,,,,,,,,
,,,,,,,,,,,,,,,,,,,,,,,,
,,,,,,,,,,,,,,,,,,,,,,,,
,,,,,,,,,,,,,,,,,,,,,,,,
,,,,,,,,,,,,,,,,,,,,,,,,
,,,,,,,,,,,,,,,,,,,,,,,,
,,,,,,,,,,,,,,,,,,,,,,,,
,,,,,,,,,,,,,,,,,,,,,,,,
,,,,,,,,,,,,,,,,,,,,,,,,
,,,,,,,,,,,,,,,,,,,,,,,,
,,,,,,,,,,,,,,,,,,,,,,,,
,,,,,,,,,,,,,,,,,,,,,,,,
,,,,,,,,,,,,,,,,,,,,,,,,
,,,,,,,,,,,,,,,,,,,,,,,,
,,,,,,,,,,,,,,,,,,,,,,,,
,,,,,,,,,,,,,,,,,,,,,,,,
,,,,,,,,,,,,,,,,,,,,,,,,
,,,,,,,,,,,,,,,,,,,,,,,,
,,,,,,,,,,,,,,,,,,,,,,,,
,,,,,,,,,,,,,,,,,,,,,,,,
,,,,,,,,,,,,,,,,,,,,,,,,
,,,,,,,,,,,,,,,,,,,,,,,,
,,,,,,,,,,,,,,,,,,,,,,,,
,,,,,,,,,,,,,,,,,,,,,,,,
,,,,,,,,,,,,,,,,,,,,,,,,
,,,,,,,,,,,,,,,,,,,,,,,,
,,,,,,,,,,,,,,,,,,,,,,,,
,,,,,,,,,,,,,,,,,,,,,,,,
,,,,,,,,,,,,,,,,,,,,,,,,
,,,,,,,,,,,,,,,,,,,,,,,,
,,,,,,,,,,,,,,,,,,,,,,,,
,,,,,,,,,,,,,,,,,,,,,,,,
,,,,,,,,,,,,,,,,,,,,,,,,
,,,,,,,,,,,,,,,,,,,,,,,,
,,,,,,,,,,,,,,,,,,,,,,,,
,,,,,,,,,,,,,,,,,,,,,,,,
,,,,,,,,,,,,,,,,,,,,,,,,
,,,,,,,,,,,,,,,,,,,,,,,,
,,,,,,,,,,,,,,,,,,,,,,,,
,,,,,,,,,,,,,,,,,,,,,,,,
,,,,,,,,,,,,,,,,,,,,,,,,
,,,,,,,,,,,,,,,,,,,,,,,,
,,,,,,,,,,,,,,,,,,,,,,,,
,,,,,,,,,,,,,,,,,,,,,,,,
,,,,,,,,,,,,,,,,,,,,,,,,
,,,,,,,,,,,,,,,,,,,,,,,,
,,,,,,,,,,,,,,,,,,,,,,,,
,,,,,,,,,,,,,,,,,,,,,,,,
,,,,,,,,,,,,,,,,,,,,,,,,
,,,,,,,,,,,,,,,,,,,,,,,,
,,,,,,,,,,,,,,,,,,,,,,,,
,,,,,,,,,,,,,,,,,,,,,,,,
,,,,,,,,,,,,,,,,,,,,,,,,
,,,,,,,,,,,,,,,,,,,,,,,,
,,,,,,,,,,,,,,,,,,,,,,,,
,,,,,,,,,,,,,,,,,,,,,,,,
,,,,,,,,,,,,,,,,,,,,,,,,
,,,,,,,,,,,,,,,,,,,,,,,,
,,,,,,,,,,,,,,,,,,,,,,,,
,,,,,,,,,,,,,,,,,,,,,,,,
,,,,,,,,,,,,,,,,,,,,,,,,
,,,,,,,,,,,,,,,,,,,,,,,,
,,,,,,,,,,,,,,,,,,,,,,,,
,,,,,,,,,,,,,,,,,,,,,,,,
,,,,,,,,,,,,,,,,,,,,,,,,
,,,,,,,,,,,,,,,,,,,,,,,,
,,,,,,,,,,,,,,,,,,,,,,,,
,,,,,,,,,,,,,,,,,,,,,,,,
,,,,,,,,,,,,,,,,,,,,,,,,
,,,,,,,,,,,,,,,,,,,,,,,,
,,,,,,,,,,,,,,,,,,,,,,,,
,,,,,,,,,,,,,,,,,,,,,,,,
,,,,,,,,,,,,,,,,,,,,,,,,
,,,,,,,,,,,,,,,,,,,,,,,,
,,,,,,,,,,,,,,,,,,,,,,,,
,,,,,,,,,,,,,,,,,,,,,,,,
,,,,,,,,,,,,,,,,,,,,,,,,
,,,,,,,,,,,,,,,,,,,,,,,,
,,,,,,,,,,,,,,,,,,,,,,,,
,,,,,,,,,,,,,,,,,,,,,,,,
,,,,,,,,,,,,,,,,,,,,,,,,
,,,,,,,,,,,,,,,,,,,,,,,,
,,,,,,,,,,,,,,,,,,,,,,,,
,,,,,,,,,,,,,,,,,,,,,,,,
,,,,,,,,,,,,,,,,,,,,,,,,
,,,,,,,,,,,,,,,,,,,,,,,,
,,,,,,,,,,,,,,,,,,,,,,,,
,,,,,,,,,,,,,,,,,,,,,,,,
,,,,,,,,,,,,,,,,,,,,,,,,
,,,,,,,,,,,,,,,,,,,,,,,,
,,,,,,,,,,,,,,,,,,,,,,,,
,,,,,,,,,,,,,,,,,,,,,,,,
,,,,,,,,,,,,,,,,,,,,,,,,
,,,,,,,,,,,,,,,,,,,,,,,,
,,,,,,,,,,,,,,,,,,,,,,,,
,,,,,,,,,,,,,,,,,,,,,,,,
,,,,,,,,,,,,,,,,,,,,,,,,
,,,,,,,,,,,,,,,,,,,,,,,,
,,,,,,,,,,,,,,,,,,,,,,,,
,,,,,,,,,,,,,,,,,,,,,,,,
,,,,,,,,,,,,,,,,,,,,,,,,
,,,,,,,,,,,,,,,,,,,,,,,,
,,,,,,,,,,,,,,,,,,,,,,,,
,,,,,,,,,,,,,,,,,,,,,,,,
,,,,,,,,,,,,,,,,,,,,,,,,
,,,,,,,,,,,,,,,,,,,,,,,,
,,,,,,,,,,,,,,,,,,,,,,,,
,,,,,,,,,,,,,,,,,,,,,,,,
,,,,,,,,,,,,,,,,,,,,,,,,
,,,,,,,,,,,,,,,,,,,,,,,,
,,,,,,,,,,,,,,,,,,,,,,,,
,,,,,,,,,,,,,,,,,,,,,,,,
,,,,,,,,,,,,,,,,,,,,,,,,
,,,,,,,,,,,,,,,,,,,,,,,,
,,,,,,,,,,,,,,,,,,,,,,,,
,,,,,,,,,,,,,,,,,,,,,,,,
,,,,,,,,,,,,,,,,,,,,,,,,
,,,,,,,,,,,,,,,,,,,,,,,,
,,,,,,,,,,,,,,,,,,,,,,,,
,,,,,,,,,,,,,,,,,,,,,,,,
,,,,,,,,,,,,,,,,,,,,,,,,
,,,,,,,,,,,,,,,,,,,,,,,,
,,,,,,,,,,,,,,,,,,,,,,,,
,,,,,,,,,,,,,,,,,,,,,,,,
,,,,,,,,,,,,,,,,,,,,,,,,
,,,,,,,,,,,,,,,,,,,,,,,,
,,,,,,,,,,,,,,,,,,,,,,,,
,,,,,,,,,,,,,,,,,,,,,,,,
,,,,,,,,,,,,,,,,,,,,,,,,
,,,,,,,,,,,,,,,,,,,,,,,,
,,,,,,,,,,,,,,,,,,,,,,,,
,,,,,,,,,,,,,,,,,,,,,,,,
,,,,,,,,,,,,,,,,,,,,,,,,
,,,,,,,,,,,,,,,,,,,,,,,,
,,,,,,,,,,,,,,,,,,,,,,,,
,,,,,,,,,,,,,,,,,,,,,,,,
,,,,,,,,,,,,,,,,,,,,,,,,
,,,,,,,,,,,,,,,,,,,,,,,,
,,,,,,,,,,,,,,,,,,,,,,,,
,,,,,,,,,,,,,,,,,,,,,,,,
,,,,,,,,,,,,,,,,,,,,,,,,
,,,,,,,,,,,,,,,,,,,,,,,,
,,,,,,,,,,,,,,,,,,,,,,,,
,,,,,,,,,,,,,,,,,,,,,,,,
,,,,,,,,,,,,,,,,,,,,,,,,
,,,,,,,,,,,,,,,,,,,,,,,,
,,,,,,,,,,,,,,,,,,,,,,,,
,,,,,,,,,,,,,,,,,,,,,,,,
,,,,,,,,,,,,,,,,,,,,,,,,
,,,,,,,,,,,,,,,,,,,,,,,,
,,,,,,,,,,,,,,,,,,,,,,,,
,,,,,,,,,,,,,,,,,,,,,,,,
,,,,,,,,,,,,,,,,,,,,,,,,
,,,,,,,,,,,,,,,,,,,,,,,,
,,,,,,,,,,,,,,,,,,,,,,,,
,,,,,,,,,,,,,,,,,,,,,,,,
,,,,,,,,,,,,,,,,,,,,,,,,
,,,,,,,,,,,,,,,,,,,,,,,,
,,,,,,,,,,,,,,,,,,,,,,,,
,,,,,,,,,,,,,,,,,,,,,,,,
,,,,,,,,,,,,,,,,,,,,,,,,
,,,,,,,,,,,,,,,,,,,,,,,,
,,,,,,,,,,,,,,,,,,,,,,,,
,,,,,,,,,,,,,,,,,,,,,,,,
,,,,,,,,,,,,,,,,,,,,,,,,
,,,,,,,,,,,,,,,,,,,,,,,,
,,,,,,,,,,,,,,,,,,,,,,,,
,,,,,,,,,,,,,,,,,,,,,,,,
,,,,,,,,,,,,,,,,,,,,,,,,
,,,,,,,,,,,,,,,,,,,,,,,,
,,,,,,,,,,,,,,,,,,,,,,,,
,,,,,,,,,,,,,,,,,,,,,,,,
,,,,,,,,,,,,,,,,,,,,,,,,
,,,,,,,,,,,,,,,,,,,,,,,,
,,,,,,,,,,,,,,,,,,,,,,,,
,,,,,,,,,,,,,,,,,,,,,,,,
,,,,,,,,,,,,,,,,,,,,,,,,
,,,,,,,,,,,,,,,,,,,,,,,,
,,,,,,,,,,,,,,,,,,,,,,,,
,,,,,,,,,,,,,,,,,,,,,,,,
,,,,,,,,,,,,,,,,,,,,,,,,
,,,,,,,,,,,,,,,,,,,,,,,,
,,,,,,,,,,,,,,,,,,,,,,,,
,,,,,,,,,,,,,,,,,,,,,,,,
,,,,,,,,,,,,,,,,,,,,,,,,
,,,,,,,,,,,,,,,,,,,,,,,,
,,,,,,,,,,,,,,,,,,,,,,,,
,,,,,,,,,,,,,,,,,,,,,,,,
,,,,,,,,,,,,,,,,,,,,,,,,
,,,,,,,,,,,,,,,,,,,,,,,,
,,,,,,,,,,,,,,,,,,,,,,,,
,,,,,,,,,,,,,,,,,,,,,,,,
,,,,,,,,,,,,,,,,,,,,,,,,
,,,,,,,,,,,,,,,,,,,,,,,,
,,,,,,,,,,,,,,,,,,,,,,,,
,,,,,,,,,,,,,,,,,,,,,,,,
,,,,,,,,,,,,,,,,,,,,,,,,
,,,,,,,,,,,,,,,,,,,,,,,,
,,,,,,,,,,,,,,,,,,,,,,,,
,,,,,,,,,,,,,,,,,,,,,,,,
,,,,,,,,,,,,,,,,,,,,,,,,
,,,,,,,,,,,,,,,,,,,,,,,,
,,,,,,,,,,,,,,,,,,,,,,,,
,,,,,,,,,,,,,,,,,,,,,,,,
,,,,,,,,,,,,,,,,,,,,,,,,
,,,,,,,,,,,,,,,,,,,,,,,,
,,,,,,,,,,,,,,,,,,,,,,,,
,,,,,,,,,,,,,,,,,,,,,,,,
,,,,,,,,,,,,,,,,,,,,,,,,
,,,,,,,,,,,,,,,,,,,,,,,,
,,,,,,,,,,,,,,,,,,,,,,,,
,,,,,,,,,,,,,,,,,,,,,,,,
,,,,,,,,,,,,,,,,,,,,,,,,
,,,,,,,,,,,,,,,,,,,,,,,,
,,,,,,,,,,,,,,,,,,,,,,,,
,,,,,,,,,,,,,,,,,,,,,,,,
,,,,,,,,,,,,,,,,,,,,,,,,
,,,,,,,,,,,,,,,,,,,,,,,,
,,,,,,,,,,,,,,,,,,,,,,,,
,,,,,,,,,,,,,,,,,,,,,,,,
,,,,,,,,,,,,,,,,,,,,,,,,
,,,,,,,,,,,,,,,,,,,,,,,,
,,,,,,,,,,,,,,,,,,,,,,,,
,,,,,,,,,,,,,,,,,,,,,,,,
,,,,,,,,,,,,,,,,,,,,,,,,
,,,,,,,,,,,,,,,,,,,,,,,,
,,,,,,,,,,,,,,,,,,,,,,,,
,,,,,,,,,,,,,,,,,,,,,,,,
,,,,,,,,,,,,,,,,,,,,,,,,
,,,,,,,,,,,,,,,,,,,,,,,,
,,,,,,,,,,,,,,,,,,,,,,,,
,,,,,,,,,,,,,,,,,,,,,,,,
,,,,,,,,,,,,,,,,,,,,,,,,
,,,,,,,,,,,,,,,,,,,,,,,,
,,,,,,,,,,,,,,,,,,,,,,,,
,,,,,,,,,,,,,,,,,,,,,,,,
,,,,,,,,,,,,,,,,,,,,,,,,
,,,,,,,,,,,,,,,,,,,,,,,,
,,,,,,,,,,,,,,,,,,,,,,,,
,,,,,,,,,,,,,,,,,,,,,,,,
,,,,,,,,,,,,,,,,,,,,,,,,
,,,,,,,,,,,,,,,,,,,,,,,,
,,,,,,,,,,,,,,,,,,,,,,,,
,,,,,,,,,,,,,,,,,,,,,,,,
,,,,,,,,,,,,,,,,,,,,,,,,
,,,,,,,,,,,,,,,,,,,,,,,,
,,,,,,,,,,,,,,,,,,,,,,,,
,,,,,,,,,,,,,,,,,,,,,,,,
,,,,,,,,,,,,,,,,,,,,,,,,
,,,,,,,,,,,,,,,,,,,,,,,,
,,,,,,,,,,,,,,,,,,,,,,,,
,,,,,,,,,,,,,,,,,,,,,,,,
,,,,,,,,,,,,,,,,,,,,,,,,
,,,,,,,,,,,,,,,,,,,,,,,,
,,,,,,,,,,,,,,,,,,,,,,,,
,,,,,,,,,,,,,,,,,,,,,,,,
,,,,,,,,,,,,,,,,,,,,,,,,
,,,,,,,,,,,,,,,,,,,,,,,,
,,,,,,,,,,,,,,,,,,,,,,,,
,,,,,,,,,,,,,,,,,,,,,,,,
,,,,,,,,,,,,,,,,,,,,,,,,
,,,,,,,,,,,,,,,,,,,,,,,,
,,,,,,,,,,,,,,,,,,,,,,,,
,,,,,,,,,,,,,,,,,,,,,,,,
,,,,,,,,,,,,,,,,,,,,,,,,
,,,,,,,,,,,,,,,,,,,,,,,,
,,,,,,,,,,,,,,,,,,,,,,,,
,,,,,,,,,,,,,,,,,,,,,,,,
,,,,,,,,,,,,,,,,,,,,,,,,
,,,,,,,,,,,,,,,,,,,,,,,,
,,,,,,,,,,,,,,,,,,,,,,,,
,,,,,,,,,,,,,,,,,,,,,,,,
,,,,,,,,,,,,,,,,,,,,,,,,
,,,,,,,,,,,,,,,,,,,,,,,,
,,,,,,,,,,,,,,,,,,,,,,,,
,,,,,,,,,,,,,,,,,,,,,,,,
,,,,,,,,,,,,,,,,,,,,,,,,
,,,,,,,,,,,,,,,,,,,,,,,,
,,,,,,,,,,,,,,,,,,,,,,,,
,,,,,,,,,,,,,,,,,,,,,,,,
,,,,,,,,,,,,,,,,,,,,,,,,
,,,,,,,,,,,,,,,,,,,,,,,,
,,,,,,,,,,,,,,,,,,,,,,,,
,,,,,,,,,,,,,,,,,,,,,,,,
,,,,,,,,,,,,,,,,,,,,,,,,
,,,,,,,,,,,,,,,,,,,,,,,,
,,,,,,,,,,,,,,,,,,,,,,,,
,,,,,,,,,,,,,,,,,,,,,,,,
,,,,,,,,,,,,,,,,,,,,,,,,
,,,,,,,,,,,,,,,,,,,,,,,,
,,,,,,,,,,,,,,,,,,,,,,,,
,,,,,,,,,,,,,,,,,,,,,,,,
,,,,,,,,,,,,,,,,,,,,,,,,
,,,,,,,,,,,,,,,,,,,,,,,,
,,,,,,,,,,,,,,,,,,,,,,,,
,,,,,,,,,,,,,,,,,,,,,,,,
,,,,,,,,,,,,,,,,,,,,,,,,
,,,,,,,,,,,,,,,,,,,,,,,,
,,,,,,,,,,,,,,,,,,,,,,,,
,,,,,,,,,,,,,,,,,,,,,,,,
,,,,,,,,,,,,,,,,,,,,,,,,
,,,,,,,,,,,,,,,,,,,,,,,,
,,,,,,,,,,,,,,,,,,,,,,,,